,equity
2021-10-05,1.0079106998963832
2021-10-06,1.0045442287891382
2021-10-07,0.9909546809906263
2021-10-08,1.0002624922796073
2021-10-11,0.9970902013758486
2021-10-12,0.9699006899172034
2021-10-13,0.9766864695679879
2021-10-14,0.9850086680936364
2021-10-15,0.9880431593435579
2021-10-18,1.0040509997493332
2021-10-19,1.0069111455023871
2021-10-20,1.0002224688043582
2021-10-21,0.9851588647880393
2021-10-22,0.977467740123289
2021-10-25,0.9691810729156062
2021-10-26,0.9900417611126189
2021-10-27,0.9952519927238246
2021-10-28,0.9951577187319804
2021-10-29,0.9808464052756916
2021-11-01,0.971479139327225
2021-11-02,0.9662183174326794
2021-11-03,0.960905423017019
2021-11-04,0.9444514364194001
2021-11-05,0.9620020977976441
2021-11-08,0.9602982274438137
2021-11-09,0.9427368613512416
2021-11-10,0.9590765237901218
2021-11-11,0.9576513186255824
2021-11-12,0.9313409563185948
2021-11-15,0.9129883322696487
2021-11-16,0.9116836218455392
2021-11-17,0.8972861952398298
2021-11-18,0.9258721360702388
2021-11-19,0.9332452082991692
2021-11-22,0.984009608481462
2021-11-23,1.0058579150194487
2021-11-24,0.9920219406368278
2021-11-26,0.9929984816969378
2021-11-29,1.006367504755591
2021-11-30,1.0220067750574444
2021-12-01,1.0449792768378563
2021-12-02,1.042517946129602
2021-12-03,1.0669424615826335
2021-12-06,1.0564401542568558
2021-12-07,1.0309421798332485
2021-12-08,1.0313997544231712
2021-12-09,1.041297478874266
2021-12-10,1.0419623559199649
2021-12-13,1.0505329234144434
2021-12-14,1.0626259150870818
2021-12-15,1.055438128367093
2021-12-16,1.0573680754483437
2021-12-17,1.0517313285819143
2021-12-20,1.0537013058886495
2021-12-21,1.0432529629731875
2021-12-22,1.0382781758520505
2021-12-23,1.0312765716602168
2021-12-27,1.02577785252455
2021-12-28,1.0337163040070527
2021-12-29,1.0357533124430893
2021-12-30,1.0362203640087044
2021-12-31,1.0284765365108466
2022-01-03,1.027224338260411
2022-01-04,1.0333634337343105
2022-01-05,1.0442898057811676
2022-01-06,1.0402737929558419
2022-01-07,1.039969532563879
2022-01-10,1.04172167052392
2022-01-11,1.018450956461241
2022-01-12,1.0164264372773533
2022-01-13,1.0146803974211729
2022-01-14,1.020396238291505
2022-01-18,1.0278638084439538
2022-01-19,1.0183741949818468
2022-01-20,1.0229664880672327
2022-01-21,1.0310637084294145
2022-01-24,1.0316497823146906
2022-01-25,1.0341542493297198
2022-01-26,1.0296482719799094
2022-01-27,1.045620570181266
2022-01-28,1.026563895213908
2022-01-31,0.9863812756333716
2022-02-01,0.9797668564503018
2022-02-02,0.9903489554948022
2022-02-03,0.9994412100840667
2022-02-04,1.000016756543905
2022-02-07,1.0130042679508358
2022-02-08,1.0126243800179378
2022-02-09,0.9988971884546223
2022-02-10,1.0012649578386144
2022-02-11,1.005957772584093
2022-02-14,1.0043447442535098
2022-02-15,0.9966586044594303
2022-02-16,0.9901030305405247
2022-02-17,0.9829200595837226
2022-02-18,0.9958071710359727
2022-02-22,0.9883051313015234
2022-02-23,0.9882725448314414
2022-02-24,0.9957362803399841
2022-02-25,0.9941762644861525
2022-02-28,1.0013976148535189
2022-03-01,0.9946559878340189
2022-03-02,0.9905684620617549
2022-03-03,0.9826820283486307
2022-03-04,0.9772300285345987
2022-03-07,1.0078483502966695
2022-03-08,1.0082142903612978
2022-03-09,1.0037576871597944
2022-03-10,0.9972380241971818
2022-03-11,0.998877793454119
2022-03-14,0.9978187076208375
2022-03-15,0.990495211439526
2022-03-16,0.990495211439526
2022-03-17,0.990495211439526
2022-03-18,0.990495211439526
2022-03-21,0.990495211439526
2022-03-22,0.990495211439526
2022-03-23,0.990495211439526
2022-03-24,0.990495211439526
2022-03-25,0.990495211439526
2022-03-28,0.990495211439526
2022-03-29,0.9923444527483842
2022-03-30,0.9923092084367209
2022-03-31,0.9919156990974943
2022-04-01,0.9886104745780008
2022-04-04,0.9885262803498928
2022-04-05,0.9920252738934517
2022-04-06,0.9907808085917692
2022-04-07,0.9906994937100878
2022-04-08,0.9913348155284415
2022-04-11,0.9976593017673625
2022-04-12,0.9960636098393629
2022-04-13,0.9966608059503277
2022-04-14,0.9958255284776966
2022-04-18,0.9951103853668374
2022-04-19,1.0012399645038155
2022-04-20,1.0024556482927582
2022-04-21,1.0040744854312929
2022-04-22,1.003252312508849
2022-04-25,0.9992768906487997
2022-04-26,0.9976774151771576
2022-04-27,0.992804419062631
2022-04-28,0.9925310741160622
2022-04-29,0.9930360828180509
2022-05-02,0.9974833809240853
2022-05-03,0.9894708073538043
2022-05-04,0.9775669174358929
2022-05-05,0.9640918656265187
2022-05-06,0.955665383042159
2022-05-09,0.9723569770974
2022-05-10,0.9765747095097688
2022-05-11,0.9847357274307007
2022-05-12,0.9803233158513488
2022-05-13,0.9790319832902499
2022-05-16,0.9819048554312608
2022-05-17,0.9796970820850878
2022-05-18,0.9906813574352633
2022-05-19,0.9866828759504569
2022-05-20,0.9876893490212046
2022-05-23,0.9975521626582946
2022-05-24,0.9948075199522729
2022-05-25,0.9822802909957501
2022-05-26,0.9757343771464981
2022-05-27,0.9743759539134778
2022-05-31,0.9710133708661879
2022-06-01,0.9759102471299227
2022-06-02,0.9744679309781895
2022-06-03,0.9763133999130391
2022-06-06,0.9763198315441453
2022-06-07,0.9800958431667254
2022-06-08,0.9796440562180858
2022-06-09,0.9796440562180858
2022-06-10,0.9796440562180858
2022-06-13,0.9796440562180858
2022-06-14,0.9796440562180858
2022-06-15,0.9796440562180858
2022-06-16,0.9796440562180858
2022-06-17,0.9796440562180858
2022-06-21,0.9796440562180858
2022-06-22,0.9796440562180858
2022-06-23,0.9796440562180858
2022-06-24,0.9796440562180858
2022-06-27,0.9796440562180858
2022-06-28,0.9796440562180858
2022-06-29,0.9796440562180858
2022-06-30,0.9842944299592348
2022-07-01,0.9819498678473155
2022-07-05,0.9841401299193479
2022-07-06,0.9828201713732323
2022-07-07,0.9809132459277404
2022-07-08,0.9819315711224178
2022-07-11,0.9830243906674718
2022-07-12,0.9885097543887753
2022-07-13,0.9883298437881357
2022-07-14,0.9891743956003965
2022-07-15,0.9885929158207193
2022-07-18,0.9911212236081383
2022-07-19,0.9891882937189881
2022-07-20,0.9877288431925881
2022-07-21,0.9872923478140216
2022-07-22,0.9846598347515918
2022-07-25,0.9834879936518159
2022-07-26,0.98429085835373
2022-07-27,0.9822405202623203
2022-07-28,0.9841398691005561
2022-07-29,0.9789937749080918
2022-08-01,0.9708522284250446
2022-08-02,0.9831123571291003
2022-08-03,0.9939929999439171
2022-08-04,0.9946551507155358
2022-08-05,0.9991631671636589
2022-08-08,1.0045569852647867
2022-08-09,1.004279010592588
2022-08-10,1.0023852018466919
2022-08-11,0.9962798336894221
2022-08-12,0.9967261994124278
2022-08-15,0.99673281642612
2022-08-16,1.001713315706952
2022-08-17,1.0002669794039416
2022-08-18,1.0019228051379423
2022-08-19,1.0055888534806061
2022-08-22,1.0192236724057797
2022-08-23,1.0390607322883052
2022-08-24,1.0340589260793334
2022-08-25,1.0418115422526948
2022-08-26,1.051438886195002
2022-08-29,1.051930073478877
2022-08-30,1.0555752940005547
2022-08-31,1.0580519205669723
2022-09-01,1.0462994922429798
2022-09-02,1.0509677087179417
2022-09-06,1.0506107907583597
2022-09-07,1.0506705429344647
2022-09-08,1.0507955652309389
2022-09-09,1.053370978718228
2022-09-12,1.0537990511355875
2022-09-13,1.0549444804880646
2022-09-14,1.0546316118541945
2022-09-15,1.0558562935510265
2022-09-16,1.0572909949861071
2022-09-19,1.0595094120439081
2022-09-20,1.0576520702026657
2022-09-21,1.0588167878011987
2022-09-22,1.0599133315886855
2022-09-23,1.0619170198989842
2022-09-26,1.062564591422266
2022-09-27,1.0619589455425584
2022-09-28,1.0610391538592336
2022-09-29,1.0639851551714778
2022-09-30,1.063451166694603
2022-10-03,1.0614883738892198
2022-10-04,1.059279484674448
2022-10-05,1.0605516568597264
2022-10-06,1.062417663830341
2022-10-07,1.0621609938266021
2022-10-10,1.0629491977941445
2022-10-11,1.0635990983537362
2022-10-12,1.0623687274031246
2022-10-13,1.0605099404284606
2022-10-14,1.0614707453890957
2022-10-17,1.059053713459556
2022-10-18,1.056727262922193
2022-10-19,1.056727262922193
2022-10-20,1.056727262922193
2022-10-21,1.056727262922193
2022-10-24,1.0598440301485001
2022-10-25,1.055813035184902
2022-10-26,1.054052649479714
2022-10-27,1.04982922596675
2022-10-28,1.0433566066811466
2022-10-31,1.044060587257822
2022-11-01,1.0344947712615304
2022-11-02,1.0391689788028984
2022-11-03,1.0453167476850183
2022-11-04,1.0381187819288167
2022-11-07,1.04753534054619
2022-11-08,1.0399620901423137
2022-11-09,1.0407968774442726
2022-11-10,1.0297549599382954
2022-11-11,1.0219452185929974
2022-11-14,1.0109058978860652
2022-11-15,1.0081445435560934
2022-11-16,1.04028650785196
2022-11-17,1.0190756497663844
2022-11-18,1.0308656195032768
2022-11-21,1.0563601858417775
2022-11-22,1.0594130273189373
2022-11-23,1.0611686679217527
2022-11-25,1.0600391208010067
2022-11-28,1.0674807482016129
2022-11-29,1.0631203488736052
2022-11-30,1.0505111304436587
2022-12-01,1.0491337230547075
2022-12-02,1.0396294268035777
2022-12-05,1.0534581957858304
2022-12-06,1.056378070947018
2022-12-07,1.061139007912463
2022-12-08,1.0551096265784516
2022-12-09,1.0600933857640142
2022-12-12,1.057200939102331
2022-12-13,1.060272531686152
2022-12-14,1.0632977427195511
2022-12-15,1.06759340737007
2022-12-16,1.0653304412016753
2022-12-19,1.0653304412016753
2022-12-20,1.0653304412016753
2022-12-21,1.0653304412016753
2022-12-22,1.0653304412016753
2022-12-23,1.0653304412016753
2022-12-27,1.0653304412016753
2022-12-28,1.0653304412016753
2022-12-29,1.0653304412016753
2022-12-30,1.0653304412016753
2023-01-03,1.0653304412016753
2023-01-04,1.0653304412016753
2023-01-05,1.0653304412016753
2023-01-06,1.0653304412016753
2023-01-09,1.0653304412016753
2023-01-10,1.0653304412016753
2023-01-11,1.0653304412016753
2023-01-12,1.0653304412016753
2023-01-13,1.0653304412016753
2023-01-17,1.0653304412016753
2023-01-18,1.0666655506028515
2023-01-19,1.0678822826524985
2023-01-20,1.0684104285111091
2023-01-23,1.0683258502204809
2023-01-24,1.068394639199369
2023-01-25,1.06873199616704
2023-01-26,1.0665393464648885
2023-01-27,1.0673731240951991
2023-01-30,1.0674588150555633
2023-01-31,1.0663900738984187
2023-02-01,1.0650000795609664
2023-02-02,1.061824347233952
2023-02-03,1.0637273929435695
2023-02-06,1.0597114637191036
2023-02-07,1.0613399290834178
2023-02-08,1.066679711640345
2023-02-09,1.0649593455435071
2023-02-10,1.0591971927038177
2023-02-13,1.0473441877890906
2023-02-14,1.0549676073800676
2023-02-15,1.041286882688511
2023-02-16,1.056561160954984
2023-02-17,1.0523180039999143
2023-02-21,1.052155274177045
2023-02-22,1.0312844392599472
2023-02-23,1.0172868808237074
2023-02-24,1.0199401949400668
2023-02-27,1.0130266684693563
2023-02-28,0.9669731134242354
2023-03-01,0.9772601489300936
2023-03-02,0.9745569570112596
2023-03-03,0.9407131278704352
2023-03-06,0.9403268375671681
2023-03-07,0.9406704852556472
2023-03-08,0.9402040022054048
2023-03-09,0.9519894565171434
2023-03-10,0.9616093798502783
2023-03-13,0.9692106263982901
2023-03-14,0.9706568252752578
2023-03-15,0.9759681201875113
2023-03-16,0.9768333657276159
2023-03-17,0.9784991299918571
2023-03-20,0.9777460397792093
2023-03-21,0.97663346037833
2023-03-22,0.9763565760791532
2023-03-23,0.9779127145673522
2023-03-24,0.9773585569912834
2023-03-27,0.9756879353229243
2023-03-28,0.9752508740294258
2023-03-29,0.9744945575749416
2023-03-30,0.9736975876915462
2023-03-31,0.9733381401756203
2023-04-03,0.9700292057800283
2023-04-04,0.9724154883383112
2023-04-05,0.9719751059204306
2023-04-06,0.9706973678341319
2023-04-10,0.9716898655774351
2023-04-11,0.969636934600776
2023-04-12,0.969636934600776
2023-04-13,0.969636934600776
2023-04-14,0.969636934600776
2023-04-17,0.969636934600776
2023-04-18,0.969636934600776
2023-04-19,0.969636934600776
2023-04-20,0.969636934600776
2023-04-21,0.969636934600776
2023-04-24,0.969636934600776
2023-04-25,0.969636934600776
2023-04-26,0.969636934600776
2023-04-27,0.969636934600776
2023-04-28,0.969636934600776
2023-05-01,0.969636934600776
2023-05-02,0.969636934600776
2023-05-03,0.969636934600776
2023-05-04,0.969636934600776
2023-05-05,0.969636934600776
2023-05-08,0.9689224326732742
2023-05-09,0.9694339797299546
2023-05-10,0.9694306671293442
2023-05-11,0.9699945701146878
2023-05-12,0.9686258586509423
2023-05-15,0.9659666916479479
2023-05-16,0.9670938820766145
2023-05-17,0.9665211443131128
2023-05-18,0.9669016174211141
2023-05-19,0.9663288489683122
2023-05-22,0.969235580498154
2023-05-23,0.9693360234931317
2023-05-24,0.9680962021735844
2023-05-25,0.9683243740596084
2023-05-26,0.9683209080183501
2023-05-30,0.9697095662863392
2023-05-31,0.9736116070704456
2023-06-01,0.975328388114276
2023-06-02,0.9725908232094705
2023-06-05,0.9715458456210032
2023-06-06,0.9726551907251245
2023-06-07,0.9732701400665525
2023-06-08,0.974106307575937
2023-06-09,0.9749750408321607
2023-06-12,0.9745855366135957
2023-06-13,0.9747308871426827
2023-06-14,0.9744986944695133
2023-06-15,0.974612635164185
2023-06-16,0.9758602294586243
2023-06-20,0.9734081683611824
2023-06-21,0.9709571851865139
2023-06-22,0.9668676154574732
2023-06-23,0.9633178370043834
2023-06-26,0.9557721647306023
2023-06-27,0.9508091511851283
2023-06-28,0.9596527926933729
2023-06-29,0.9548842391114927
2023-06-30,0.94985761421717
2023-07-03,0.952883511068079
2023-07-05,0.9574949938704785
2023-07-06,0.9630876783299
2023-07-07,0.9571053033098101
2023-07-10,0.9518804795588668
2023-07-11,0.9436252763889963
2023-07-12,0.9285129076337939
2023-07-13,0.9369026066194849
2023-07-14,0.9355577044990084
2023-07-17,0.9355326171338174
2023-07-18,0.9208355535311152
2023-07-19,0.9175839272677674
2023-07-20,0.9198815124606162
2023-07-21,0.9227789198403488
2023-07-24,0.9183277828487978
2023-07-25,0.9175066203705053
2023-07-26,0.9091784191309021
2023-07-27,0.9105581557148178
2023-07-28,0.8984831782064933
2023-07-31,0.9043403127992098
2023-08-01,0.9163144817315322
2023-08-02,0.913421675815559
2023-08-03,0.9161668562597305
2023-08-04,0.9266721095070136
2023-08-07,0.9256893492870095
2023-08-08,0.9249128369758296
2023-08-09,0.9273499359906919
2023-08-10,0.9202601399174888
2023-08-11,0.9214117170930747
2023-08-14,0.9230393746411013
2023-08-15,0.9297232738889517
2023-08-16,0.9285528856680365
2023-08-17,0.9328768290675474
2023-08-18,0.9322037061206477
2023-08-21,0.9311858907413432
2023-08-22,0.9274644416238678
2023-08-23,0.927669465523859
2023-08-24,0.9293488561233049
2023-08-25,0.9285735047862096
2023-08-28,0.9267279591451648
2023-08-29,0.9267279591451648
2023-08-30,0.9267279591451648
2023-08-31,0.9267279591451648
2023-09-01,0.9267279591451648
2023-09-05,0.9267279591451648
2023-09-06,0.9267279591451648
2023-09-07,0.9267279591451648
2023-09-08,0.9267279591451648
2023-09-11,0.9267279591451648
2023-09-12,0.9267279591451648
2023-09-13,0.9267279591451648
2023-09-14,0.9267279591451648
2023-09-15,0.9267279591451648
2023-09-18,0.9264325837869811
2023-09-19,0.9410668592561122
2023-09-20,0.9516549463729708
2023-09-21,0.9472563974693051
2023-09-22,0.9506969888644243
2023-09-25,0.9419622005901511
2023-09-26,0.9434947570420054
2023-09-27,0.9444272534553758
2023-09-28,0.929910446421646
2023-09-29,0.9316641819990392
2023-10-02,0.9545190967511794
2023-10-03,0.9564978033121966
2023-10-04,0.9491281186552891
2023-10-05,0.9548601076645238
2023-10-06,0.951304413835058
2023-10-09,0.9512602482734561
2023-10-10,0.9459926078361548
2023-10-11,0.9583039031091356
2023-10-12,0.9646448022260642
2023-10-13,0.9674269659363952
2023-10-16,0.9593300603496
2023-10-17,0.9606011681735666
2023-10-18,0.9628184329733104
2023-10-19,0.9681472863693527
2023-10-20,0.9671936765043198
2023-10-23,0.9668958299357113
2023-10-24,0.9646521240187428
2023-10-25,0.9609382920710628
2023-10-26,0.9623322436877738
2023-10-27,0.9611593208465169
2023-10-30,0.9607592431227454
2023-10-31,0.9608258195739915
2023-11-01,0.9576043490469278
2023-11-02,0.9536986238220896
2023-11-03,0.9493668948347451
2023-11-06,0.9491678281538128
2023-11-07,0.9473245265101472
2023-11-08,0.9449963593112679
2023-11-09,0.9513494837001006
2023-11-10,0.9504745571745696
2023-11-13,0.9465308019541195
2023-11-14,0.9413933868927832
2023-11-15,0.9354191240201091
2023-11-16,0.9358851929370096
2023-11-17,0.9354656462293865
2023-11-20,0.9338375101619438
2023-11-21,0.93918442543289
2023-11-22,0.9441870562337248
2023-11-24,0.9466557824369223
2023-11-27,0.9516253718508249
2023-11-28,0.9444212385897286
2023-11-29,0.9463907821251988
2023-11-30,0.9432104186463994
2023-12-01,0.924910567515474
2023-12-04,0.9085302304081125
2023-12-05,0.9037138576064153
2023-12-06,0.9168900075377876
2023-12-07,0.9174189169406353
2023-12-08,0.916609213513307
2023-12-11,0.917415432048006
2023-12-12,0.9196116020131727
2023-12-13,0.9215358610325022
2023-12-14,0.9190319482271435
2023-12-15,0.9176103272488406
2023-12-18,0.9191425911456012
2023-12-19,0.9143258972254079
2023-12-20,0.9131321217535958
2023-12-21,0.9148813726295905
2023-12-22,0.9137021479197492
2023-12-26,0.9136131457465572
2023-12-27,0.9138231905900968
2023-12-28,0.9120897822683118
2023-12-29,0.9124477521433053
2024-01-02,0.9119639392407202
2024-01-03,0.9062548214610139
2024-01-04,0.9058919444320774
2024-01-05,0.9059577097641408
2024-01-08,0.9058329847795555
2024-01-09,0.9057082030494067
2024-01-10,0.9043440732850158
2024-01-11,0.9039317141679285
2024-01-12,0.9037096138449412
2024-01-16,0.9026634893459603
2024-01-17,0.9027320785164105
2024-01-18,0.9009473752457209
2024-01-19,0.8981441039521975
2024-01-22,0.8980819191171036
2024-01-23,0.8981274955610616
2024-01-24,0.8959369490150949
2024-01-25,0.8927633694909696
2024-01-26,0.8956109533985319
2024-01-29,0.8902247373123108
2024-01-30,0.8808778573891425
2024-01-31,0.8877185310477064
2024-02-01,0.8840278738341995
2024-02-02,0.8866419977335849
2024-02-05,0.8907612786717446
2024-02-06,0.8932058432477704
2024-02-07,0.8842105679530426
2024-02-08,0.8872108667139449
2024-02-09,0.8942193832382948
2024-02-12,0.9069353712126872
2024-02-13,0.9018690938818159
2024-02-14,0.8919906184797683
2024-02-15,0.8774040610441729
2024-02-16,0.8715848999141147
2024-02-20,0.8966776123045809
2024-02-21,0.9060107803163967
2024-02-22,0.9012601515334917
2024-02-23,0.9013680880704086
2024-02-26,0.8968874827073707
2024-02-27,0.8864156442725569
2024-02-28,0.8765104010117006
2024-02-29,0.8770234357578471
2024-03-01,0.8638071188570602
2024-03-04,0.8613032890904669
2024-03-05,0.8702605149039764
2024-03-06,0.8698322456670166
2024-03-07,0.8706363011978233
2024-03-08,0.871864100224125
2024-03-11,0.8672333253178044
2024-03-12,0.871509225350641
2024-03-13,0.8678053632019004
2024-03-14,0.8678053632019004
2024-03-15,0.8678053632019004
2024-03-18,0.8678053632019004
2024-03-19,0.8678053632019004
2024-03-20,0.8678053632019004
2024-03-21,0.8678053632019004
2024-03-22,0.8634077650442652
2024-03-25,0.8328831622726723
2024-03-26,0.8246902911271972
2024-03-27,0.8363896033467637
2024-03-28,0.8523313995205131
2024-04-01,0.8601128404990529
2024-04-02,0.8558590460715716
2024-04-03,0.8671701651316411
2024-04-04,0.8690727183217001
2024-04-05,0.8657988430241096
2024-04-08,0.8783792128462281
2024-04-09,0.8867286289069309
2024-04-10,0.8869757092870469
2024-04-11,0.8755632239125558
2024-04-12,0.8845777311703045
2024-04-15,0.8954898236078855
2024-04-16,0.8866541964736406
2024-04-17,0.8914493390268432
2024-04-18,0.8915843932984125
2024-04-19,0.9052893805517014
2024-04-22,0.9059180363566284
2024-04-23,0.8872382276372085
2024-04-24,0.8833813031181443
2024-04-25,0.8785420292478308
2024-04-26,0.8764642815189259
2024-04-29,0.8750331137412484
2024-04-30,0.8877117368135374
2024-05-01,0.8921913695773094
2024-05-02,0.8948738331137097
2024-05-03,0.8966734123305338
2024-05-06,0.8794462487798155
2024-05-07,0.883803865912164
2024-05-08,0.8904456992271754
2024-05-09,0.8889865168201653
2024-05-10,0.8855547959150929
2024-05-13,0.8859859249751854
2024-05-14,0.879104132997145
2024-05-15,0.8733418240729574
2024-05-16,0.8719521839409365
2024-05-17,0.8650674144273274
2024-05-20,0.857921844775503
2024-05-21,0.8481085538187814
2024-05-22,0.8448105944116162
2024-05-23,0.862374612676723
2024-05-24,0.8542313714593425
2024-05-28,0.8444754771640625
2024-05-29,0.8501180692611738
2024-05-30,0.8496608460286119
2024-05-31,0.8433087175081913
2024-06-03,0.8451234644819835
2024-06-04,0.8502707106531866
2024-06-05,0.8531823650186495
2024-06-06,0.8515053957216064
2024-06-07,0.8540714463419651
2024-06-10,0.8461585078153152
2024-06-11,0.8607782452690098
2024-06-12,0.8606744982760176
2024-06-13,0.8564583933378277
2024-06-14,0.8533867235734248
2024-06-17,0.8617950287441933
2024-06-18,0.8722857739763443
2024-06-20,0.886820818814448
2024-06-21,0.8821582946315437
2024-06-24,0.8906710888308887
2024-06-25,0.8952554637285958
2024-06-26,0.8865853378076562
2024-06-27,0.8835122327602662
2024-06-28,0.8704375347482195
2024-07-01,0.8690376198326422
2024-07-02,0.8722851754742156
2024-07-03,0.8768213250990009
2024-07-05,0.8721925892381488
2024-07-08,0.8622800879842866
2024-07-09,0.8651679231691527
2024-07-10,0.8665821464138116
2024-07-11,0.8524518797221666
2024-07-12,0.8508479794170523
2024-07-15,0.8506339920174344
2024-07-16,0.8502006940542861
2024-07-17,0.8499792974959882
2024-07-18,0.8453151788777075
2024-07-19,0.8453228358373025
2024-07-22,0.8306258188851531
2024-07-23,0.8444390934934551
2024-07-24,0.8395834330326244
2024-07-25,0.8407554138018503
2024-07-26,0.8366292963750578
2024-07-29,0.8325938278028624
2024-07-30,0.8387787573213693
2024-07-31,0.831795006960057
