date,equity_prev,price_pnl,hedge_pnl,slippage,borrow,equity,open_positions,gross_short
2021-10-05,1.0,0.0031772344152373243,0.0003489932050437421,9.800000000000001e-05,4.1666666666666665e-05,1.0033865609536146,1,0.031715359586357676
2021-10-06,1.0033865609536146,-0.00020172778947800198,0.00021964336480990638,0.0,3.7884244743765095e-05,1.0033665922842028,1,0.031917041707892314
2021-10-07,1.0033665922842028,-0.007463978682590367,0.0004588148874486953,0.0,3.812439687409605e-05,0.996323304092187,1,0.039634194939173376
2021-10-08,0.996323304092187,0.005698847205683105,-9.762216961940416e-05,0.0,4.701008578194172e-05,1.0018775190424687,1,0.03372630307489276
2021-10-11,1.0018775190424687,-0.004143299437291421,-0.001278379702551197,0.00029455199059848583,0.00016546043375072282,0.9959958274782769,2,0.14370548534353203
2021-10-12,0.9959958274782769,-0.013088220247564685,-0.0008110500007608692,0.00011673273632088245,0.00022002419852338367,0.981759800295107,3,0.20158550691087343
2021-10-13,0.981759800295107,0.0041877344880568304,0.0009773693248606014,0.0,0.00023560541310381784,0.9866892986949206,3,0.19633415785027952
2021-10-14,0.9866892986949206,0.004357968331117284,0.004586129367340335,0.0,0.00023062001490375015,0.9954027763784745,3,0.19023740809422143
2021-10-15,0.9954027763784745,0.002267401621741152,0.0021113685943445083,0.0,0.00022543195736670577,0.9995561146371934,3,0.1871785283752692
2021-10-18,0.9995561146371934,0.006712530640013693,0.0025400723143075804,0.00044089720595873714,0.00041018896477225934,1.0079576314207839,5,0.3351789690728045
2021-10-19,1.0079576314207839,0.00037675457985494334,0.003996929844225767,0.0,0.00040219785686748113,1.011929117987997,5,0.33349118944201794
2021-10-20,1.011929117987997,-0.005846556804397329,0.00205057880614997,0.0,0.000401749339510511,1.0077313906502392,5,0.3406820559312951
2021-10-21,1.0077313906502392,-0.008859482231474067,0.0013670525374333132,0.0,0.0004087095261824125,0.9998302514300161,5,0.3522352756590416
2021-10-22,0.9998302514300161,0.007137629152443065,-0.000544508770729076,0.0,0.00041925652883892926,1.0060041152828911,5,0.3429785721852957
2021-10-25,1.0060041152828911,-0.0013373424967278843,0.003096614848758188,0.00018789766467802914,0.0004906478141498087,1.0070848421560936,6,0.4105726638654735
2021-10-26,1.0070848421560936,0.009134465115153739,0.0005658487244234526,0.0,0.0004922398885506753,1.0162929161071201,6,0.3978646656480229
2021-10-27,1.0162929161071201,-0.004141253667097161,-0.0027877999939201264,0.0,0.0004813655253183494,1.0088824969207846,6,0.40489184437361125
2021-10-28,1.0088824969207846,-0.0045323265110646304,0.0060448732656615475,0.0,0.0004862955892077508,1.0099087480861737,6,0.40896825800179426
2021-10-29,1.0099087480861737,0.0003593322721890456,0.0012834889488709813,0.0,0.0004916912160066372,1.0110598780912272,6,0.40814723056011937
2021-11-01,1.0110598780912272,0.0029052908515176607,0.001090295938157942,0.0,0.0004912634394921265,1.014564201441411,6,0.4038738975214386
2021-11-02,1.014564201441411,-0.0019256335900487758,0.002566977897742119,9.688145158325345e-05,0.0004878047599069864,1.014620859537614,5,0.3719991684395862
2021-11-03,1.014620859537614,-0.003920241233369192,0.0035477993092241085,0.0,0.00044933109051125065,1.0137990865229578,5,0.3761675881665768
2021-11-04,1.0137990865229578,-0.0053573630198129754,0.0027552017620992198,0.0,0.0004539980443604997,1.0107429272208837,5,0.38260541812143833
2021-11-05,1.0107429272208837,0.0031218298166390355,0.0017107832754775045,0.0005342966708300012,0.0006952985082844358,1.0143459451338859,7,0.572712810584173
2021-11-08,1.0143459451338859,-0.00044000849296818904,0.00047480550807423944,0.0005639801570830012,0.0007898468076518536,1.0130269151842572,7,0.5373083465248939
2021-11-09,1.0130269151842572,-0.002274465758591219,-0.0024755324768282023,0.00012093727984913328,0.00064798549617008,1.0075079941728187,6,0.49982167217493234
2021-11-10,1.0075079941728187,0.015683230656932206,-0.005465519605115094,0.0,0.0005994932504488932,1.0171262119741868,6,0.47967606573934213
2021-11-11,1.0171262119741868,0.0036374599491770963,0.0002180299076288933,0.0,0.0005808227377620691,1.0204008790932306,6,0.4745719547020465
2021-11-12,1.0204008790932306,-0.009657475358849631,0.005087571525156158,0.0,0.0005764924282987631,1.0152544828312384,6,0.4864899623515491
2021-11-15,1.0152544828312384,-0.03043191096334532,-5.358922613096117e-05,0.000645307593266587,0.0006759521179781548,0.9834477229305174,5,0.4502100214198762
2021-11-16,0.9834477229305174,0.018355000574666797,0.002529213884262274,0.0001583336606651087,0.0005944116147115491,1.0035791921140698,6,0.4792354799324777
2021-11-17,1.0035791921140698,-0.01514205462715349,-0.0015271878269679609,0.0,0.0005725604235512315,0.9863373892363971,6,0.5029646202444512
2021-11-18,0.9863373892363971,0.010868371888642522,0.0021300498721150505,0.0,0.0005905866790597475,0.998745224318095,6,0.485834051274526
2021-11-19,0.998745224318095,-0.01646065828388535,-0.0014897881344166724,0.0004437764608500422,0.0007663286091455651,0.9795846728297973,8,0.6739352995990227
2021-11-22,0.9795846728297973,0.03333193304308574,-0.0027991975844843305,0.00029558089592990284,0.0008267406589466703,1.0089950867335222,8,0.5843298251188507
2021-11-23,1.0089950867335222,0.03407445182506271,0.0012835553972607634,0.00018770987591616438,0.0007816966237802484,1.043383687456149,9,0.5966651766122328
2021-11-24,1.043383687456149,-0.0016545502666528015,0.002435955186165416,0.0,0.0007411318001789832,1.043423960575483,9,0.5982278402661263
2021-11-26,1.043423960575483,0.0027623257184707884,-0.020536659525954577,9.495158041236897e-05,0.0007865775012346913,1.024768097686352,10,0.6420601663968377
2021-11-29,1.024768097686352,0.008491427537062349,0.011193906295407485,0.0,0.0007832890182365119,1.0436701425005854,10,0.6222956098231424
2021-11-30,1.0436701425005854,0.022007919275866462,-0.01797387580789928,0.0,0.0007731801759304853,1.046931005792622,10,0.5993359877909951
2021-12-01,1.046931005792622,0.027680115528939887,-0.017049403149671218,0.00042434890787488926,0.0009214687729960814,1.0562159004910197,12,0.7066298220286206
2021-12-02,1.0562159004910197,0.003951671778431821,0.021854236217063287,0.00030302117508965653,0.001008314370399401,1.0807104729410257,13,0.7800723879938464
2021-12-03,1.0807104729410257,0.04357974905525892,-0.012681440546806835,0.0,0.001003609999234601,1.1106051714502434,13,0.7198351591122794
2021-12-06,1.1106051714502434,-0.009961100419870169,0.018783654942345983,0.0008385800404059133,0.0010655848144889455,1.1175235611178245,12,0.630169798071696
2021-12-07,1.1175235611178245,-0.03124509609922959,0.03206596988786946,0.00017521019492510148,0.00083836856767855,1.1173308561438606,11,0.6043561349917149
2021-12-08,1.1173308561438606,0.003672291225155149,0.003913378202624259,0.0001498255807955076,0.0008724892632249702,1.1238942107276195,12,0.6488321435624416
2021-12-09,1.1238942107276195,0.026008573505463466,-0.010070393796555907,0.0,0.0008681174879569284,1.13896427294857,12,0.6174119180734915
2021-12-10,1.13896427294857,-0.002275457374257156,0.013946090629304384,0.0,0.0008371549004504241,1.1497977513031667,12,0.6135736245379023
2021-12-13,1.1497977513031667,0.013650047356131973,-0.013247191300508053,0.0,0.0008398637782769207,1.1493607435805138,12,0.601930708231134
2021-12-14,1.1493607435805138,0.012258731096885791,-0.010197589790366677,0.00016975383382082085,0.0008236137219005732,1.1504285173313114,11,0.5393138246121533
2021-12-15,1.1504285173313114,-0.01897901108310699,0.023043959455420558,0.0003309473327660634,0.0008285792866486337,1.1533339390842101,11,0.5844576728786941
2021-12-16,1.1533339390842101,0.034418779651378115,-0.012463733083442532,0.0,0.000802470083439494,1.1744865155687063,11,0.5446261680816867
2021-12-17,1.1744865155687063,-0.012386873001964636,-0.020435168142125742,0.0003452990355771997,0.0009083061602053702,1.1404108692288333,12,0.6798988579430072
2021-12-20,1.1404108692288333,-0.016771146956822258,-0.01652270594761832,0.0005402099500326074,0.0010065974531966262,1.1055702089211634,11,0.6727727234774462
2021-12-21,1.1055702089211634,-0.02962391400952045,0.02674025672966643,0.00027137980071313304,0.0009608773107932989,1.101454294529803,11,0.732294296061832
2021-12-22,1.101454294529803,-0.019458639847091914,0.01544039807576224,0.00013155259621114372,0.0009602246395916474,1.0963442755226704,10,0.7128044699385888
2021-12-23,1.0963442755226704,-0.022798267853885376,0.009078127747178278,0.0,0.0009303322621239799,1.0816938031538395,10,0.7435351535647502
2021-12-27,1.0816938031538395,-0.023851411688426055,0.020776731255891037,6.528610090765047e-05,0.0009574730571881294,1.0775963635632086,9,0.7456616418157993
2021-12-28,1.0775963635632086,0.027293435775152513,-0.0012012970017753041,0.0,0.000956574135320568,1.102731928201265,9,0.7039143585515656
2021-12-29,1.102731928201265,0.004041413383201202,0.0018789300288330638,0.0,0.0009240819498739579,1.1077281896634255,9,0.697091065946012
2021-12-30,1.1077281896634255,-0.01739159097881457,-0.004065798162346557,0.0004911702834829717,0.0009192707434653848,1.0848603594953161,7,0.5687449650748528
2021-12-31,1.0848603594953161,-0.0041621161709535365,-0.0029433555013192382,0.00029740085288379263,0.0007345343658003046,1.0767229526043594,6,0.4865642662053566
2022-01-03,1.0767229526043594,0.008871806157065868,0.005175732430710095,0.0,0.0006236844206433394,1.090146806771492,6,0.4724346335596745
2022-01-04,1.090146806771492,0.02331780466005079,-0.0003011404156405738,0.00030544088850167894,0.0006131227466468323,1.1122449073807537,5,0.3538430234023447
2022-01-05,1.1122449073807537,0.03516110375098337,-0.011490562425353283,0.0,0.00046852392951365077,1.1354469247768701,5,0.3156457507786314
2022-01-06,1.1354469247768701,0.0023462500414302583,-0.000551350593542113,8.862102001493077e-05,0.00042666547266724205,1.136726537732076,4,0.2840662196012523
2022-01-07,1.136726537732076,-0.0010450771209991098,-0.002204447140186288,0.0,0.00038441144082615604,1.1330926020300645,4,0.28589956975676634
2022-01-10,1.1330926020300645,0.017117598412898477,-0.0006911056877854063,0.0,0.00038565558025591693,1.1491334391749215,4,0.26701258404104755
2022-01-11,1.1491334391749215,-0.03366242632207775,0.006342158965068436,0.0002478166678588431,0.0004706417164390493,1.1210947134336144,5,0.3826630016093484
2022-01-12,1.1210947134336144,-0.002317640814950615,0.0018757115913983573,0.0,0.0005107160334891418,1.120142068176573,5,0.38505750404317385
2022-01-13,1.120142068176573,0.009332072451534563,-0.009585397810240065,0.00019280287094770111,0.0005134751296974163,1.1191824648172226,4,0.3162624237013514
2022-01-14,1.1191824648172226,0.011140007660200195,0.0002341520180168966,0.0,0.00042137542724660386,1.130135249068193,4,0.3033401104067867
2022-01-18,1.130135249068193,0.021458558851315947,-0.010142362732222084,0.0003222398887205939,0.0004081135133654131,1.1407210917852009,3,0.18154931243629926
2022-01-19,1.1407210917852009,-0.010514738590512046,-0.003941679621483218,0.00016173700827741121,0.000246544202256176,1.125856392362672,2,0.14373713684506376
2022-01-20,1.125856392362672,0.008319653472098655,-0.002925149546792784,0.00013845586981116952,0.00019265163611538471,1.1309197887820512,1,0.09623627418764631
2022-01-21,1.1309197887820512,0.009494277392892209,-0.0025026209039502104,0.0,0.0001295660796160292,1.137781879191377,1,0.08731131274051777
2022-01-24,1.137781879191377,-0.003164759130964051,0.0005307689912273421,0.0,0.00011826336843401466,1.1350296256832062,1,0.09031128905893988
2022-01-25,1.1350296256832062,0.001448281683189493,-0.001532392117416946,0.0,0.00012203093882801948,1.1348234843101508,1,0.08905147657723966
2022-01-26,1.1348234843101508,-0.004398476017675457,-0.0003110434478517257,0.0,0.00012030679396707962,1.1299936580506567,1,0.09332457947767954
2022-01-27,1.1299936580506567,0.0038620742574927546,-0.000610678689059955,0.0,0.00012554307494050277,1.133119510544149,1,0.08965877627836615
2022-01-28,1.133119510544149,-0.005685834103506375,0.0030562324341286305,0.0,0.00012094536749110664,1.13036896350728,1,0.09490701377997011
2022-01-31,1.13036896350728,-0.017057512541531736,0.002271478445376392,0.0,0.0001277142176143285,1.1154552151935102,1,0.1114679044429386
2022-02-01,1.1154552151935102,-0.0009655211221263224,0.0008675026754136751,0.0,0.00014802078016377105,1.1152091759666338,1,0.11235827247483389
2022-02-02,1.1152091759666338,0.005095801375216734,0.0012555907066050726,0.0,0.0001491702100710643,1.1214113978383844,1,0.10719275309327765
2022-02-03,1.1214113978383844,-0.001770118646894089,-0.0030676406407721107,0.0,0.00014310377986247294,1.1164305347708556,1,0.10925650090393389
2022-02-04,1.1164305347708556,0.0011800756875918557,0.0005992617738617851,0.0,0.0001452110639659183,1.1180646611683434,1,0.10804135238256267
2022-02-07,1.1180646611683434,0.0144827963698699,-0.00041092186158781836,0.0,0.00014380621195688036,1.1319927294646686,1,0.09391793684415875
2022-02-08,1.1319927294646686,0.0011264344884723435,0.001050129775811204,0.0,0.00012656478770703525,1.134042728941245,1,0.09275487113580101
2022-02-09,1.134042728941245,-0.005256714741562755,0.001883390414184962,0.0003022246538871117,0.0001252237942683777,1.1302419561657118,0,0.0
2022-02-10,1.1302419561657118,0.0,0.0,0.0,0.0,1.1302419561657118,0,0.0
2022-02-11,1.1302419561657118,0.0,0.0,0.0,0.0,1.1302419561657118,0,0.0
2022-02-14,1.1302419561657118,-0.000866843016703465,-0.00035935870713262464,0.00047102151907773524,0.00020756741131293914,1.128337165511485,2,0.1552935362544245
2022-02-15,1.128337165511485,-0.0068614030228460006,0.002826885302365206,0.0,0.0002085993672852052,1.1240940484237192,2,0.16198366301978923
2022-02-16,1.1240940484237192,-0.006180716164794783,0.00019963831064902083,0.0,0.0002167677042171647,1.1178962028653563,2,0.16841061560514897
2022-02-17,1.1178962028653563,0.00525552289421173,-0.003809102378970853,0.0,0.0002241256996514442,1.1191184976809458,2,0.16353055122602086
2022-02-18,1.1191184976809458,0.00804989927988106,-0.001129947476893045,0.0,0.00021786912477738264,1.1258205803591563,2,0.15540679268565605
2022-02-22,1.1258205803591563,-0.004313066475663058,-0.0018606305174435095,0.0,0.0002082859113489528,1.1194385974547008,2,0.16014565909769599
2022-02-23,1.1194385974547008,-0.004901097537510873,-0.0030424859046982,0.0,0.00021342051429617073,1.1112815934981957,2,0.16573146772505534
2022-02-24,1.1112815934981957,0.0008335616274333271,0.002535396797278177,0.0,0.00021925515422177892,1.1144312967686854,2,0.16451509254133564
2022-02-25,1.1144312967686854,-0.002291168584766037,0.0037731689452486644,0.0,0.00021826281895102493,1.115695034310217,2,0.16638232742372536
2022-02-28,1.115695034310217,0.014216275219026834,-0.00044718786626092924,0.0,0.00022099040059955595,1.1292431312623834,2,0.15179694836219568
2022-03-01,1.1292431312623834,-0.009329855013972842,-0.00265518709464088,0.0,0.0002040662634340478,1.1170540228903356,2,0.1618055282867168
2022-03-02,1.1170540228903356,-0.009679677056798466,0.0031582795366621678,0.0,0.00021517323368877738,1.1103174521365107,2,0.1715051789818748
2022-03-03,1.1103174521365107,-0.0015840314465669749,-0.0008704322949958986,0.0,0.0002266966587563946,1.1076362917361915,2,0.173350427603784
2022-03-04,1.1076362917361915,-0.00034281240258129736,-0.001413430466227119,0.0,0.00022858241047849816,1.1056514664569046,2,0.17397167465523108
2022-03-07,1.1056514664569046,0.02783873923875223,-0.005086792441106757,0.0,0.00022899052048157113,1.1281744227340686,2,0.14582257375333735
2022-03-08,1.1281744227340686,0.0015845609728132306,-0.0012696967313384792,0.0,0.0001958491642449613,1.1282934378112983,2,0.14440280474289469
2022-03-09,1.1282934378112983,-0.008717787321392955,0.004455928555880803,0.0,0.00019396278213446938,1.1238376162636514,2,0.15273249607448547
2022-03-10,1.1238376162636514,-0.00416359137796285,-0.0007706009547159042,0.0,0.0002043411003742229,1.1186990828305983,2,0.15715585932855597
2022-03-11,1.1186990828305983,0.002064049656555409,-0.0021600879834170407,0.0,0.0002092977567765596,1.1183937467469602,2,0.15535321664764745
2022-03-14,1.1183937467469602,0.006992805965882377,-0.001225782151774327,0.0,0.00020684055480446985,1.1239539300062638,2,0.14836307398199405
2022-03-15,1.1239539300062638,-0.007423995687409488,0.0036613719786834547,0.0004694750840051979,0.00019851578579746702,1.1195233154277349,0,0.0
2022-03-16,1.1195233154277349,0.0,0.0,0.0,0.0,1.1195233154277349,0,0.0
2022-03-17,1.1195233154277349,0.0,0.0,0.0,0.0,1.1195233154277349,0,0.0
2022-03-18,1.1195233154277349,0.0,0.0,0.0,0.0,1.1195233154277349,0,0.0
2022-03-21,1.1195233154277349,0.0,0.0,0.0,0.0,1.1195233154277349,0,0.0
2022-03-22,1.1195233154277349,0.0,0.0,0.0,0.0,1.1195233154277349,0,0.0
2022-03-23,1.1195233154277349,0.0,0.0,0.0,0.0,1.1195233154277349,0,0.0
2022-03-24,1.1195233154277349,0.0,0.0,0.0,0.0,1.1195233154277349,0,0.0
2022-03-25,1.1195233154277349,0.0,0.0,0.0,0.0,1.1195233154277349,0,0.0
2022-03-28,1.1195233154277349,0.0,0.0,0.0,0.0,1.1195233154277349,0,0.0
2022-03-29,1.1195233154277349,0.0,0.0,0.0,0.0,1.1195233154277349,0,0.0
2022-03-30,1.1195233154277349,0.0,0.0,0.0,0.0,1.1195233154277349,0,0.0
2022-03-31,1.1195233154277349,0.0,0.0,0.0,0.0,1.1195233154277349,0,0.0
2022-04-01,1.1195233154277349,0.0,0.0,0.0,0.0,1.1195233154277349,0,0.0
2022-04-04,1.1195233154277349,0.0,0.0,0.0,0.0,1.1195233154277349,0,0.0
2022-04-05,1.1195233154277349,0.0,0.0,0.0,0.0,1.1195233154277349,0,0.0
2022-04-06,1.1195233154277349,0.0,0.0,0.0,0.0,1.1195233154277349,0,0.0
2022-04-07,1.1195233154277349,0.0,0.0,0.0,0.0,1.1195233154277349,0,0.0
2022-04-08,1.1195233154277349,0.0,0.0,0.0,0.0,1.1195233154277349,0,0.0
2022-04-11,1.1195233154277349,0.0,0.0,0.0,0.0,1.1195233154277349,0,0.0
2022-04-12,1.1195233154277349,0.0,0.0,0.0,0.0,1.1195233154277349,0,0.0
2022-04-13,1.1195233154277349,0.0,0.0,0.0,0.0,1.1195233154277349,0,0.0
2022-04-14,1.1195233154277349,0.0,0.0,0.0,0.0,1.1195233154277349,0,0.0
2022-04-18,1.1195233154277349,0.0,0.0,0.0,0.0,1.1195233154277349,0,0.0
2022-04-19,1.1195233154277349,0.0,0.0,0.0,0.0,1.1195233154277349,0,0.0
2022-04-20,1.1195233154277349,0.0,0.0,0.0,0.0,1.1195233154277349,0,0.0
2022-04-21,1.1195233154277349,0.0,0.0,0.0,0.0,1.1195233154277349,0,0.0
2022-04-22,1.1195233154277349,0.0,0.0,0.0,0.0,1.1195233154277349,0,0.0
2022-04-25,1.1195233154277349,0.0,0.0,0.0,0.0,1.1195233154277349,0,0.0
2022-04-26,1.1195233154277349,0.0,0.0,0.0,0.0,1.1195233154277349,0,0.0
2022-04-27,1.1195233154277349,0.0,0.0,0.0,0.0,1.1195233154277349,0,0.0
2022-04-28,1.1195233154277349,0.0,0.0,0.0,0.0,1.1195233154277349,0,0.0
2022-04-29,1.1195233154277349,0.0,0.0,0.0,0.0,1.1195233154277349,0,0.0
2022-05-02,1.1195233154277349,0.0,0.0,0.0,0.0,1.1195233154277349,0,0.0
2022-05-03,1.1195233154277349,0.0,0.0,0.0,0.0,1.1195233154277349,0,0.0
2022-05-04,1.1195233154277349,0.0,0.0,0.0,0.0,1.1195233154277349,0,0.0
2022-05-05,1.1195233154277349,0.0,0.0,0.0,0.0,1.1195233154277349,0,0.0
2022-05-06,1.1195233154277349,0.0,0.0,0.0,0.0,1.1195233154277349,0,0.0
2022-05-09,1.1195233154277349,0.0,0.0,0.0,0.0,1.1195233154277349,0,0.0
2022-05-10,1.1195233154277349,0.0,0.0,0.0,0.0,1.1195233154277349,0,0.0
2022-05-11,1.1195233154277349,0.0,0.0,0.0,0.0,1.1195233154277349,0,0.0
2022-05-12,1.1195233154277349,0.0,0.0,0.0,0.0,1.1195233154277349,0,0.0
2022-05-13,1.1195233154277349,0.0,0.0,0.0,0.0,1.1195233154277349,0,0.0
2022-05-16,1.1195233154277349,0.0,0.0,0.0,0.0,1.1195233154277349,0,0.0
2022-05-17,1.1195233154277349,0.0,0.0,0.0,0.0,1.1195233154277349,0,0.0
2022-05-18,1.1195233154277349,0.0,0.0,0.0,0.0,1.1195233154277349,0,0.0
2022-05-19,1.1195233154277349,0.0,0.0,0.0,0.0,1.1195233154277349,0,0.0
2022-05-20,1.1195233154277349,0.0,0.0,0.0,0.0,1.1195233154277349,0,0.0
2022-05-23,1.1195233154277349,0.0,0.0,0.0,0.0,1.1195233154277349,0,0.0
2022-05-24,1.1195233154277349,0.0,0.0,0.0,0.0,1.1195233154277349,0,0.0
2022-05-25,1.1195233154277349,0.0,0.0,0.0,0.0,1.1195233154277349,0,0.0
2022-05-26,1.1195233154277349,0.0,0.0,0.0,0.0,1.1195233154277349,0,0.0
2022-05-27,1.1195233154277349,0.0,0.0,0.0,0.0,1.1195233154277349,0,0.0
2022-05-31,1.1195233154277349,0.0,0.0,0.0,0.0,1.1195233154277349,0,0.0
2022-06-01,1.1195233154277349,0.0,0.0,0.0,0.0,1.1195233154277349,0,0.0
2022-06-02,1.1195233154277349,0.0,0.0,0.0,0.0,1.1195233154277349,0,0.0
2022-06-03,1.1195233154277349,0.0,0.0,0.0,0.0,1.1195233154277349,0,0.0
2022-06-06,1.1195233154277349,0.0,0.0,0.0,0.0,1.1195233154277349,0,0.0
2022-06-07,1.1195233154277349,0.0,0.0,0.0,0.0,1.1195233154277349,0,0.0
2022-06-08,1.1195233154277349,0.0,0.0,0.0,0.0,1.1195233154277349,0,0.0
2022-06-09,1.1195233154277349,0.0,0.0,0.0,0.0,1.1195233154277349,0,0.0
2022-06-10,1.1195233154277349,0.0,0.0,0.0,0.0,1.1195233154277349,0,0.0
2022-06-13,1.1195233154277349,0.0,0.0,0.0,0.0,1.1195233154277349,0,0.0
2022-06-14,1.1195233154277349,0.0,0.0,0.0,0.0,1.1195233154277349,0,0.0
2022-06-15,1.1195233154277349,0.0,0.0,0.0,0.0,1.1195233154277349,0,0.0
2022-06-16,1.1195233154277349,0.0,0.0,0.0,0.0,1.1195233154277349,0,0.0
2022-06-17,1.1195233154277349,0.0,0.0,0.0,0.0,1.1195233154277349,0,0.0
2022-06-21,1.1195233154277349,0.0,0.0,0.0,0.0,1.1195233154277349,0,0.0
2022-06-22,1.1195233154277349,0.0,0.0,0.0,0.0,1.1195233154277349,0,0.0
2022-06-23,1.1195233154277349,0.0,0.0,0.0,0.0,1.1195233154277349,0,0.0
2022-06-24,1.1195233154277349,0.0,0.0,0.0,0.0,1.1195233154277349,0,0.0
2022-06-27,1.1195233154277349,0.0,0.0,0.0,0.0,1.1195233154277349,0,0.0
2022-06-28,1.1195233154277349,0.0,0.0,0.0,0.0,1.1195233154277349,0,0.0
2022-06-29,1.1195233154277349,0.0,0.0,0.0,0.0,1.1195233154277349,0,0.0
2022-06-30,1.1195233154277349,0.0,0.0,0.0,0.0,1.1195233154277349,0,0.0
2022-07-01,1.1195233154277349,0.0,0.0,0.0,0.0,1.1195233154277349,0,0.0
2022-07-05,1.1195233154277349,0.0,0.0,0.0,0.0,1.1195233154277349,0,0.0
2022-07-06,1.1195233154277349,0.0,0.0,0.0,0.0,1.1195233154277349,0,0.0
2022-07-07,1.1195233154277349,0.0,0.0,0.0,0.0,1.1195233154277349,0,0.0
2022-07-08,1.1195233154277349,0.0,0.0,0.0,0.0,1.1195233154277349,0,0.0
2022-07-11,1.1195233154277349,0.0,0.0,0.0,0.0,1.1195233154277349,0,0.0
2022-07-12,1.1195233154277349,0.0,0.0,0.0,0.0,1.1195233154277349,0,0.0
2022-07-13,1.1195233154277349,0.0,0.0,0.0,0.0,1.1195233154277349,0,0.0
2022-07-14,1.1195233154277349,0.0,0.0,0.0,0.0,1.1195233154277349,0,0.0
2022-07-15,1.1195233154277349,0.0,0.0,0.0,0.0,1.1195233154277349,0,0.0
2022-07-18,1.1195233154277349,0.0,0.0,0.0,0.0,1.1195233154277349,0,0.0
2022-07-19,1.1195233154277349,0.0,0.0,0.0,0.0,1.1195233154277349,0,0.0
2022-07-20,1.1195233154277349,0.0,0.0,0.0,0.0,1.1195233154277349,0,0.0
2022-07-21,1.1195233154277349,0.0,0.0,0.0,0.0,1.1195233154277349,0,0.0
2022-07-22,1.1195233154277349,0.0,0.0,0.0,0.0,1.1195233154277349,0,0.0
2022-07-25,1.1195233154277349,0.0,0.0,0.0,0.0,1.1195233154277349,0,0.0
2022-07-26,1.1195233154277349,0.0,0.0,0.0,0.0,1.1195233154277349,0,0.0
2022-07-27,1.1195233154277349,0.0,0.0,0.0,0.0,1.1195233154277349,0,0.0
2022-07-28,1.1195233154277349,0.0,0.0,0.0,0.0,1.1195233154277349,0,0.0
2022-07-29,1.1195233154277349,0.0,0.0,0.0,0.0,1.1195233154277349,0,0.0
2022-08-01,1.1195233154277349,0.0,0.0,0.0,0.0,1.1195233154277349,0,0.0
2022-08-02,1.1195233154277349,0.0,0.0,0.0,0.0,1.1195233154277349,0,0.0
2022-08-03,1.1195233154277349,0.0,0.0,0.0,0.0,1.1195233154277349,0,0.0
2022-08-04,1.1195233154277349,0.0,0.0,0.0,0.0,1.1195233154277349,0,0.0
2022-08-05,1.1195233154277349,0.0,0.0,0.0,0.0,1.1195233154277349,0,0.0
2022-08-08,1.1195233154277349,0.0,0.0,0.0,0.0,1.1195233154277349,0,0.0
2022-08-09,1.1195233154277349,0.0,0.0,0.0,0.0,1.1195233154277349,0,0.0
2022-08-10,1.1195233154277349,0.0,0.0,0.0,0.0,1.1195233154277349,0,0.0
2022-08-11,1.1195233154277349,0.0,0.0,0.0,0.0,1.1195233154277349,0,0.0
2022-08-12,1.1195233154277349,0.0,0.0,0.0,0.0,1.1195233154277349,0,0.0
2022-08-15,1.1195233154277349,0.0,0.0,0.0,0.0,1.1195233154277349,0,0.0
2022-08-16,1.1195233154277349,0.0,0.0,0.0,0.0,1.1195233154277349,0,0.0
2022-08-17,1.1195233154277349,0.0,0.0,0.0,0.0,1.1195233154277349,0,0.0
2022-08-18,1.1195233154277349,0.0,0.0,0.0,0.0,1.1195233154277349,0,0.0
2022-08-19,1.1195233154277349,0.0,0.0,0.0,0.0,1.1195233154277349,0,0.0
2022-08-22,1.1195233154277349,0.0,0.0,0.0,0.0,1.1195233154277349,0,0.0
2022-08-23,1.1195233154277349,0.0,0.0,0.0,0.0,1.1195233154277349,0,0.0
2022-08-24,1.1195233154277349,0.0,0.0,0.0,0.0,1.1195233154277349,0,0.0
2022-08-25,1.1195233154277349,0.0,0.0,0.0,0.0,1.1195233154277349,0,0.0
2022-08-26,1.1195233154277349,0.0,0.0,0.0,0.0,1.1195233154277349,0,0.0
2022-08-29,1.1195233154277349,0.0,0.0,0.0,0.0,1.1195233154277349,0,0.0
2022-08-30,1.1195233154277349,0.0,0.0,0.0,0.0,1.1195233154277349,0,0.0
2022-08-31,1.1195233154277349,0.0,0.0,0.0,0.0,1.1195233154277349,0,0.0
2022-09-01,1.1195233154277349,0.0,0.0,0.0,0.0,1.1195233154277349,0,0.0
2022-09-02,1.1195233154277349,0.0,0.0,0.0,0.0,1.1195233154277349,0,0.0
2022-09-06,1.1195233154277349,0.0,0.0,0.0,0.0,1.1195233154277349,0,0.0
2022-09-07,1.1195233154277349,0.0,0.0,0.0,0.0,1.1195233154277349,0,0.0
2022-09-08,1.1195233154277349,0.0,0.0,0.0,0.0,1.1195233154277349,0,0.0
2022-09-09,1.1195233154277349,0.0,0.0,0.0,0.0,1.1195233154277349,0,0.0
2022-09-12,1.1195233154277349,0.0,0.0,0.0,0.0,1.1195233154277349,0,0.0
2022-09-13,1.1195233154277349,0.0,0.0,0.0,0.0,1.1195233154277349,0,0.0
2022-09-14,1.1195233154277349,0.0,0.0,0.0,0.0,1.1195233154277349,0,0.0
2022-09-15,1.1195233154277349,0.0,0.0,0.0,0.0,1.1195233154277349,0,0.0
2022-09-16,1.1195233154277349,0.0,0.0,0.0,0.0,1.1195233154277349,0,0.0
2022-09-19,1.1195233154277349,0.0,0.0,0.0,0.0,1.1195233154277349,0,0.0
2022-09-20,1.1195233154277349,0.0,0.0,0.0,0.0,1.1195233154277349,0,0.0
2022-09-21,1.1195233154277349,0.0,0.0,0.0,0.0,1.1195233154277349,0,0.0
2022-09-22,1.1195233154277349,0.0,0.0,0.0,0.0,1.1195233154277349,0,0.0
2022-09-23,1.1195233154277349,0.0028877890069962,-0.001251362842268761,0.0003291398547357542,0.00013994041442846688,1.120690661323298,1,0.10231383473609415
2022-09-26,1.120690661323298,0.00118908387345039,-0.0017319480891453175,0.0,0.000136502570372519,1.1200112945372305,1,0.1013142240555268
2022-09-27,1.1200112945372305,0.0002832474407548326,-0.0006896166136493537,0.00010192102780288799,0.00018175413160508174,1.119321250204928,2,0.1361452068203064
2022-09-28,1.119321250204928,-0.0015162601831486887,0.0037828223429543562,0.0,0.0001814169322708498,1.1214063954324627,2,0.13724416404037856
2022-09-29,1.1214063954324627,0.007097037928386642,-0.004094969648469022,0.0,0.00018322200391745536,1.1242252417084626,2,0.13058721679222618
2022-09-30,1.1242252417084626,0.003511126230902032,-0.0029680715370328193,0.0,0.00017477314924080459,1.124593523253091,2,0.12742232297128783
2022-10-03,1.124593523253091,0.002825553057082059,0.004989093348090972,0.0,0.00017059323706115933,1.1322375764212027,2,0.12406651130436837
2022-10-04,1.1322375764212027,-0.0016292867947903546,0.006010203990136387,0.0,0.00016722948342177594,1.1364512641331268,2,0.12504016437297566
2022-10-05,1.1364512641331268,0.002176843082162617,-0.0004655811152858275,0.0,0.0001691691105584311,1.1379933569894451,2,0.12295784410999626
2022-10-06,1.1379933569894451,0.004272046325550284,-0.002058060342007827,0.0,0.00016657763069871372,1.140040765342289,2,0.11898974807329837
2022-10-07,1.140040765342289,0.002674210442132999,-0.005507584343900885,0.0,0.00016149186126353482,1.1370458995792574,2,0.11695126209807591
2022-10-10,1.1370458995792574,0.00201334122643385,-0.0014655245759558882,0.0,0.00015830827740385267,1.1374354079523314,2,0.11514114197356781
2022-10-11,1.1374354079523314,0.0007801014262406458,-0.001206271005136616,0.0,0.00015591144261047903,1.1368533269308252,2,0.11451390191030618
2022-10-12,1.1368533269308252,8.201451530122079e-05,-0.0006242946110293617,0.0,0.000154982750436383,1.1361560640846609,2,0.11451199352271893
2022-10-13,1.1361560640846609,-0.0041462289599621975,0.004978517830317655,0.0,0.00015488511410864347,1.1368334678409076,2,0.1180909329368988
2022-10-14,1.1368334678409076,0.0014155449315445883,-0.004412412785784692,0.0,0.00015982110096574134,1.1336767788857016,2,0.11717112174621917
2022-10-17,1.1336767788857016,-0.0020004837127166816,0.004862122551496199,0.0,0.00015813592842818825,1.1363802817960529,2,0.11865276593790257
2022-10-18,1.1363802817960529,-0.0023969460430095686,0.0022802753818773947,0.0,0.00016051745665761287,1.136103093678263,2,0.12079151126250476
2022-10-19,1.136103093678263,0.002812371946953659,-0.0013914475140564787,0.0,0.00016337096385167187,1.1373606471473086,2,0.11818523704472873
2022-10-20,1.1373606471473086,0.0016923969953262412,-0.0016348135894727386,0.0,0.00016002290201006037,1.137258207651152,2,0.1167077448201084
2022-10-21,1.137258207651152,-0.005630831354125071,0.0046981132239516605,0.00034195001794170714,0.00015800814368229106,1.1358255313593544,1,0.013932491266278598
2022-10-24,1.1358255313593544,0.0013528235870136805,0.00024392327794884084,0.0,1.8839142018667206e-05,1.1374034390822982,1,0.012723766441521747
2022-10-25,1.1374034390822982,-0.0019505811019999931,0.0003222149835319459,4.515664559415845e-05,1.7228637748412824e-05,1.1357126876804877,0,0.0
2022-10-26,1.1357126876804877,0.0,0.0,0.0,0.0,1.1357126876804877,0,0.0
2022-10-27,1.1357126876804877,0.0,0.0,0.0,0.0,1.1357126876804877,0,0.0
2022-10-28,1.1357126876804877,0.0,0.0,0.0,0.0,1.1357126876804877,0,0.0
2022-10-31,1.1357126876804877,0.0,0.0,0.0,0.0,1.1357126876804877,0,0.0
2022-11-01,1.1357126876804877,0.0,0.0,0.0,0.0,1.1357126876804877,0,0.0
2022-11-02,1.1357126876804877,0.0,0.0,0.0,0.0,1.1357126876804877,0,0.0
2022-11-03,1.1357126876804877,0.0,0.0,0.0,0.0,1.1357126876804877,0,0.0
2022-11-04,1.1357126876804877,0.0,0.0,0.0,0.0,1.1357126876804877,0,0.0
2022-11-07,1.1357126876804877,0.0,0.0,0.0,0.0,1.1357126876804877,0,0.0
2022-11-08,1.1357126876804877,0.0,0.0,0.0,0.0,1.1357126876804877,0,0.0
2022-11-09,1.1357126876804877,0.0,0.0,0.0,0.0,1.1357126876804877,0,0.0
2022-11-10,1.1357126876804877,0.0,0.0,0.0,0.0,1.1357126876804877,0,0.0
2022-11-11,1.1357126876804877,0.0,0.0,0.0,0.0,1.1357126876804877,0,0.0
2022-11-14,1.1357126876804877,0.0,0.0,0.0,0.0,1.1357126876804877,0,0.0
2022-11-15,1.1357126876804877,0.0,0.0,0.0,0.0,1.1357126876804877,0,0.0
2022-11-16,1.1357126876804877,0.0,0.0,0.0,0.0,1.1357126876804877,0,0.0
2022-11-17,1.1357126876804877,0.0,0.0,0.0,0.0,1.1357126876804877,0,0.0
2022-11-18,1.1357126876804877,0.0,0.0,0.0,0.0,1.1357126876804877,0,0.0
2022-11-21,1.1357126876804877,0.0,0.0,0.0,0.0,1.1357126876804877,0,0.0
2022-11-22,1.1357126876804877,0.0,0.0,0.0,0.0,1.1357126876804877,0,0.0
2022-11-23,1.1357126876804877,0.0,0.0,0.0,0.0,1.1357126876804877,0,0.0
2022-11-25,1.1357126876804877,0.0,0.0,0.0,0.0,1.1357126876804877,0,0.0
2022-11-28,1.1357126876804877,0.0,0.0,0.0,0.0,1.1357126876804877,0,0.0
2022-11-29,1.1357126876804877,0.0,0.0,0.0,0.0,1.1357126876804877,0,0.0
2022-11-30,1.1357126876804877,0.0,0.0,0.0,0.0,1.1357126876804877,0,0.0
2022-12-01,1.1357126876804877,0.0,0.0,0.0,0.0,1.1357126876804877,0,0.0
2022-12-02,1.1357126876804877,0.0,0.0,0.0,0.0,1.1357126876804877,0,0.0
2022-12-05,1.1357126876804877,0.0,0.0,0.0,0.0,1.1357126876804877,0,0.0
2022-12-06,1.1357126876804877,0.0,0.0,0.0,0.0,1.1357126876804877,0,0.0
2022-12-07,1.1357126876804877,0.0,0.0,0.0,0.0,1.1357126876804877,0,0.0
2022-12-08,1.1357126876804877,0.0,0.0,0.0,0.0,1.1357126876804877,0,0.0
2022-12-09,1.1357126876804877,0.0,0.0,0.0,0.0,1.1357126876804877,0,0.0
2022-12-12,1.1357126876804877,0.0,0.0,0.0,0.0,1.1357126876804877,0,0.0
2022-12-13,1.1357126876804877,0.0,0.0,0.0,0.0,1.1357126876804877,0,0.0
2022-12-14,1.1357126876804877,0.0,0.0,0.0,0.0,1.1357126876804877,0,0.0
2022-12-15,1.1357126876804877,0.0,0.0,0.0,0.0,1.1357126876804877,0,0.0
2022-12-16,1.1357126876804877,0.0,0.0,0.0,0.0,1.1357126876804877,0,0.0
2022-12-19,1.1357126876804877,0.0,0.0,0.0,0.0,1.1357126876804877,0,0.0
2022-12-20,1.1357126876804877,0.0,0.0,0.0,0.0,1.1357126876804877,0,0.0
2022-12-21,1.1357126876804877,0.0,0.0,0.0,0.0,1.1357126876804877,0,0.0
2022-12-22,1.1357126876804877,0.0,0.0,0.0,0.0,1.1357126876804877,0,0.0
2022-12-23,1.1357126876804877,0.0,0.0,0.0,0.0,1.1357126876804877,0,0.0
2022-12-27,1.1357126876804877,0.0,0.0,0.0,0.0,1.1357126876804877,0,0.0
2022-12-28,1.1357126876804877,0.0,0.0,0.0,0.0,1.1357126876804877,0,0.0
2022-12-29,1.1357126876804877,0.0,0.0,0.0,0.0,1.1357126876804877,0,0.0
2022-12-30,1.1357126876804877,0.0,0.0,0.0,0.0,1.1357126876804877,0,0.0
2023-01-03,1.1357126876804877,0.0,0.0,0.0,0.0,1.1357126876804877,0,0.0
2023-01-04,1.1357126876804877,0.0,0.0,0.0,0.0,1.1357126876804877,0,0.0
2023-01-05,1.1357126876804877,0.0,0.0,0.0,0.0,1.1357126876804877,0,0.0
2023-01-06,1.1357126876804877,0.0,0.0,0.0,0.0,1.1357126876804877,0,0.0
2023-01-09,1.1357126876804877,0.0,0.0,0.0,0.0,1.1357126876804877,0,0.0
2023-01-10,1.1357126876804877,0.0,0.0,0.0,0.0,1.1357126876804877,0,0.0
2023-01-11,1.1357126876804877,0.0,0.0,0.0,0.0,1.1357126876804877,0,0.0
2023-01-12,1.1357126876804877,0.0,0.0,0.0,0.0,1.1357126876804877,0,0.0
2023-01-13,1.1357126876804877,0.0,0.0,0.0,0.0,1.1357126876804877,0,0.0
2023-01-17,1.1357126876804877,0.0,0.0,0.0,0.0,1.1357126876804877,0,0.0
2023-01-18,1.1357126876804877,0.0,0.0,0.0,0.0,1.1357126876804877,0,0.0
2023-01-19,1.1357126876804877,0.0,0.0,0.0,0.0,1.1357126876804877,0,0.0
2023-01-20,1.1357126876804877,0.0,0.0,0.0,0.0,1.1357126876804877,0,0.0
2023-01-23,1.1357126876804877,0.0,0.0,0.0,0.0,1.1357126876804877,0,0.0
2023-01-24,1.1357126876804877,0.0,0.0,0.0,0.0,1.1357126876804877,0,0.0
2023-01-25,1.1357126876804877,0.0,0.0,0.0,0.0,1.1357126876804877,0,0.0
2023-01-26,1.1357126876804877,0.0,0.0,0.0,0.0,1.1357126876804877,0,0.0
2023-01-27,1.1357126876804877,0.0,0.0,0.0,0.0,1.1357126876804877,0,0.0
2023-01-30,1.1357126876804877,0.0,0.0,0.0,0.0,1.1357126876804877,0,0.0
2023-01-31,1.1357126876804877,0.0,0.0,0.0,0.0,1.1357126876804877,0,0.0
2023-02-01,1.1357126876804877,0.0,0.0,0.0,0.0,1.1357126876804877,0,0.0
2023-02-02,1.1357126876804877,0.0,0.0,0.0,0.0,1.1357126876804877,0,0.0
2023-02-03,1.1357126876804877,0.0,0.0,0.0,0.0,1.1357126876804877,0,0.0
2023-02-06,1.1357126876804877,0.0,0.0,0.0,0.0,1.1357126876804877,0,0.0
2023-02-07,1.1357126876804877,0.0,0.0,0.0,0.0,1.1357126876804877,0,0.0
2023-02-08,1.1357126876804877,0.0,0.0,0.0,0.0,1.1357126876804877,0,0.0
2023-02-09,1.1357126876804877,0.0,0.0,0.0,0.0,1.1357126876804877,0,0.0
2023-02-10,1.1357126876804877,0.0,0.0,0.0,0.0,1.1357126876804877,0,0.0
2023-02-13,1.1357126876804877,0.0,0.0,0.0,0.0,1.1357126876804877,0,0.0
2023-02-14,1.1357126876804877,0.0,0.0,0.0,0.0,1.1357126876804877,0,0.0
2023-02-15,1.1357126876804877,0.0,0.0,0.0,0.0,1.1357126876804877,0,0.0
2023-02-16,1.1357126876804877,0.0,0.0,0.0,0.0,1.1357126876804877,0,0.0
2023-02-17,1.1357126876804877,0.0,0.0,0.0,0.0,1.1357126876804877,0,0.0
2023-02-21,1.1357126876804877,0.0,0.0,0.0,0.0,1.1357126876804877,0,0.0
2023-02-22,1.1357126876804877,0.0,0.0,0.0,0.0,1.1357126876804877,0,0.0
2023-02-23,1.1357126876804877,0.0,0.0,0.0,0.0,1.1357126876804877,0,0.0
2023-02-24,1.1357126876804877,0.0,0.0,0.0,0.0,1.1357126876804877,0,0.0
2023-02-27,1.1357126876804877,0.0,0.0,0.0,0.0,1.1357126876804877,0,0.0
2023-02-28,1.1357126876804877,0.0,0.0,0.0,0.0,1.1357126876804877,0,0.0
2023-03-01,1.1357126876804877,0.0,0.0,0.0,0.0,1.1357126876804877,0,0.0
2023-03-02,1.1357126876804877,0.0,0.0,0.0,0.0,1.1357126876804877,0,0.0
2023-03-03,1.1357126876804877,0.0,0.0,0.0,0.0,1.1357126876804877,0,0.0
2023-03-06,1.1357126876804877,0.0,0.0,0.0,0.0,1.1357126876804877,0,0.0
2023-03-07,1.1357126876804877,0.0,0.0,0.0,0.0,1.1357126876804877,0,0.0
2023-03-08,1.1357126876804877,0.0,0.0,0.0,0.0,1.1357126876804877,0,0.0
2023-03-09,1.1357126876804877,0.0,0.0,0.0,0.0,1.1357126876804877,0,0.0
2023-03-10,1.1357126876804877,0.0,0.0,0.0,0.0,1.1357126876804877,0,0.0
2023-03-13,1.1357126876804877,0.0,0.0,0.0,0.0,1.1357126876804877,0,0.0
2023-03-14,1.1357126876804877,0.0,0.0,0.0,0.0,1.1357126876804877,0,0.0
2023-03-15,1.1357126876804877,0.0,0.0,0.0,0.0,1.1357126876804877,0,0.0
2023-03-16,1.1357126876804877,0.0,0.0,0.0,0.0,1.1357126876804877,0,0.0
2023-03-17,1.1357126876804877,0.0,0.0,0.0,0.0,1.1357126876804877,0,0.0
2023-03-20,1.1357126876804877,0.0,0.0,0.0,0.0,1.1357126876804877,0,0.0
2023-03-21,1.1357126876804877,0.0,0.0,0.0,0.0,1.1357126876804877,0,0.0
2023-03-22,1.1357126876804877,0.0,0.0,0.0,0.0,1.1357126876804877,0,0.0
2023-03-23,1.1357126876804877,0.0,0.0,0.0,0.0,1.1357126876804877,0,0.0
2023-03-24,1.1357126876804877,0.0,0.0,0.0,0.0,1.1357126876804877,0,0.0
2023-03-27,1.1357126876804877,0.0,0.0,0.0,0.0,1.1357126876804877,0,0.0
2023-03-28,1.1357126876804877,0.0,0.0,0.0,0.0,1.1357126876804877,0,0.0
2023-03-29,1.1357126876804877,0.0,0.0,0.0,0.0,1.1357126876804877,0,0.0
2023-03-30,1.1357126876804877,0.0,0.0,0.0,0.0,1.1357126876804877,0,0.0
2023-03-31,1.1357126876804877,0.0,0.0,0.0,0.0,1.1357126876804877,0,0.0
2023-04-03,1.1357126876804877,0.0,0.0,0.0,0.0,1.1357126876804877,0,0.0
2023-04-04,1.1357126876804877,0.009472151694636135,-0.001042854498742242,0.00042660197818627946,0.00018928544794674795,1.1435260974502486,2,0.13076013299043895
2023-04-05,1.1435260974502486,-0.0011683879158248772,-0.0003782606365789116,0.0,0.0001780090768817049,1.141801439820963,2,0.131980927016598
2023-04-06,1.141801439820963,0.0008731839343553449,0.0005620830935599389,0.0,0.00017940001487673455,1.1430573068340018,2,0.13107201858240639
2023-04-10,1.1430573068340018,0.0008351867431939584,0.0001484690799326415,0.0,0.0001783605101929782,1.1438626021469354,2,0.13024959600853306
2023-04-11,1.1438626021469354,-0.00186421804668014,3.889195125397798e-05,0.0,0.00017736624026060442,1.1418599098112485,2,0.13211065435384622
2023-04-12,1.1418599098112485,0.0014749419292104063,-0.0005903701105329723,0.0,0.00017958554745903314,1.1425648960824668,2,0.13073823504340878
2023-04-13,1.1425648960824668,-0.0014723997583289516,0.0019160408373259863,0.0,0.00017782966420997314,1.142830707497254,2,0.13199620617918065
2023-04-14,1.142830707497254,-0.002493378469751961,-0.00035705076801710275,0.0,0.00017958252106512666,1.1398006957384197,2,0.13453465745177084
2023-04-17,1.1398006957384197,-0.0016111530603056393,0.0005232019306419536,0.0,0.00018255082876721232,1.138530193779989,2,0.13609990325360444
2023-04-18,1.138530193779989,0.002275421481433393,9.544440852811951e-05,0.0,0.00018446886812471905,1.1407165908018257,2,0.13384431240367145
2023-04-19,1.1407165908018257,0.0002712687843863966,-2.4737654431448415e-05,0.0,0.00018176003302777452,1.140781361898753,2,0.13359892092317574
2023-04-20,1.140781361898753,0.0005968382478684494,-0.0007989410102814407,0.0,0.00018143709399874312,1.1403978220423412,2,0.13312049337239026
2023-04-21,1.1403978220423412,0.001507852180356618,0.00011312649122032889,0.0,0.0001807265722750902,1.1418380741416432,2,0.13163203429147027
2023-04-24,1.1418380741416432,0.002170531006346824,0.00015200765413827389,0.0,0.000178931510155618,1.1439816812919728,2,0.12948803284776145
2023-04-25,1.1439816812919728,0.0044263953069394535,-0.0023155113424667265,0.0,0.0001763475446718718,1.1459162177117737,2,0.1254066745860284
2023-04-26,1.1459162177117737,0.0011615341497289596,-0.0006080414048891688,0.0,0.00017107802644932484,1.146298632430164,2,0.12435154682642277
2023-04-27,1.146298632430164,-0.0016142859053821946,0.002845779633183932,0.0,0.0001696952476996475,1.147360430910266,2,0.1256434247594866
2023-04-28,1.147360430910266,6.878095783593367e-05,0.0012443590384154384,0.0,0.00017161701663462631,1.1485019538898829,2,0.12545865727718677
2023-05-01,1.1485019538898829,-0.0044575361337526615,-0.00014846907993268168,0.0,0.0001715351345419645,1.1437244135416555,2,0.12988010694727783
2023-05-02,1.1437244135416555,0.008766145085498302,-0.0016509066919674035,0.0,0.00017684172517738432,1.1506628102100092,2,0.12147859722518792
2023-05-03,1.1506628102100092,0.001168975991767713,-0.0009969069757489847,0.0003753778284663731,0.00016640583817083873,1.1502930955593909,0,0.0
2023-05-04,1.1502930955593909,0.0,0.0,0.0,0.0,1.1502930955593909,0,0.0
2023-05-05,1.1502930955593909,0.0,0.0,0.0,0.0,1.1502930955593909,0,0.0
2023-05-08,1.1502930955593909,0.0,0.0,0.0,0.0,1.1502930955593909,0,0.0
2023-05-09,1.1502930955593909,0.0,0.0,0.0,0.0,1.1502930955593909,0,0.0
2023-05-10,1.1502930955593909,0.0,0.0,0.0,0.0,1.1502930955593909,0,0.0
2023-05-11,1.1502930955593909,0.0,0.0,0.0,0.0,1.1502930955593909,0,0.0
2023-05-12,1.1502930955593909,0.0,0.0,0.0,0.0,1.1502930955593909,0,0.0
2023-05-15,1.1502930955593909,0.0,0.0,0.0,0.0,1.1502930955593909,0,0.0
2023-05-16,1.1502930955593909,0.0,0.0,0.0,0.0,1.1502930955593909,0,0.0
2023-05-17,1.1502930955593909,0.0,0.0,0.0,0.0,1.1502930955593909,0,0.0
2023-05-18,1.1502930955593909,0.0,0.0,0.0,0.0,1.1502930955593909,0,0.0
2023-05-19,1.1502930955593909,0.0,0.0,0.0,0.0,1.1502930955593909,0,0.0
2023-05-22,1.1502930955593909,0.0,0.0,0.0,0.0,1.1502930955593909,0,0.0
2023-05-23,1.1502930955593909,0.0,0.0,0.0,0.0,1.1502930955593909,0,0.0
2023-05-24,1.1502930955593909,0.0,0.0,0.0,0.0,1.1502930955593909,0,0.0
2023-05-25,1.1502930955593909,0.0,0.0,0.0,0.0,1.1502930955593909,0,0.0
2023-05-26,1.1502930955593909,0.0,0.0,0.0,0.0,1.1502930955593909,0,0.0
2023-05-30,1.1502930955593909,0.0,0.0,0.0,0.0,1.1502930955593909,0,0.0
2023-05-31,1.1502930955593909,0.0,0.0,0.0,0.0,1.1502930955593909,0,0.0
2023-06-01,1.1502930955593909,0.0,0.0,0.0,0.0,1.1502930955593909,0,0.0
2023-06-02,1.1502930955593909,0.0,0.0,0.0,0.0,1.1502930955593909,0,0.0
2023-06-05,1.1502930955593909,0.0,0.0,0.0,0.0,1.1502930955593909,0,0.0
2023-06-06,1.1502930955593909,0.0,0.0,0.0,0.0,1.1502930955593909,0,0.0
2023-06-07,1.1502930955593909,0.0,0.0,0.0,0.0,1.1502930955593909,0,0.0
2023-06-08,1.1502930955593909,0.0,0.0,0.0,0.0,1.1502930955593909,0,0.0
2023-06-09,1.1502930955593909,0.0,0.0,0.0,0.0,1.1502930955593909,0,0.0
2023-06-12,1.1502930955593909,0.0,0.0,0.0,0.0,1.1502930955593909,0,0.0
2023-06-13,1.1502930955593909,0.0,0.0,0.0,0.0,1.1502930955593909,0,0.0
2023-06-14,1.1502930955593909,0.0,0.0,0.0,0.0,1.1502930955593909,0,0.0
2023-06-15,1.1502930955593909,0.0,0.0,0.0,0.0,1.1502930955593909,0,0.0
2023-06-16,1.1502930955593909,0.0,0.0,0.0,0.0,1.1502930955593909,0,0.0
2023-06-20,1.1502930955593909,0.0,0.0,0.0,0.0,1.1502930955593909,0,0.0
2023-06-21,1.1502930955593909,0.0,0.0,0.0,0.0,1.1502930955593909,0,0.0
2023-06-22,1.1502930955593909,0.0,0.0,0.0,0.0,1.1502930955593909,0,0.0
2023-06-23,1.1502930955593909,0.0,0.0,0.0,0.0,1.1502930955593909,0,0.0
2023-06-26,1.1502930955593909,0.0,0.0,0.0,0.0,1.1502930955593909,0,0.0
2023-06-27,1.1502930955593909,0.0,0.0,0.0,0.0,1.1502930955593909,0,0.0
2023-06-28,1.1502930955593909,0.0,0.0,0.0,0.0,1.1502930955593909,0,0.0
2023-06-29,1.1502930955593909,0.0,0.0,0.0,0.0,1.1502930955593909,0,0.0
2023-06-30,1.1502930955593909,0.0,0.0,0.0,0.0,1.1502930955593909,0,0.0
2023-07-03,1.1502930955593909,0.0,0.0,0.0,0.0,1.1502930955593909,0,0.0
2023-07-05,1.1502930955593909,0.0,0.0,0.0,0.0,1.1502930955593909,0,0.0
2023-07-06,1.1502930955593909,0.0,0.0,0.0,0.0,1.1502930955593909,0,0.0
2023-07-07,1.1502930955593909,0.0,0.0,0.0,0.0,1.1502930955593909,0,0.0
2023-07-10,1.1502930955593909,0.0,0.0,0.0,0.0,1.1502930955593909,0,0.0
2023-07-11,1.1502930955593909,0.0,0.0,0.0,0.0,1.1502930955593909,0,0.0
2023-07-12,1.1502930955593909,0.0,0.0,0.0,0.0,1.1502930955593909,0,0.0
2023-07-13,1.1502930955593909,0.0,0.0,0.0,0.0,1.1502930955593909,0,0.0
2023-07-14,1.1502930955593909,0.0,0.0,0.0,0.0,1.1502930955593909,0,0.0
2023-07-17,1.1502930955593909,0.0,0.0,0.0,0.0,1.1502930955593909,0,0.0
2023-07-18,1.1502930955593909,0.0,0.0,0.0,0.0,1.1502930955593909,0,0.0
2023-07-19,1.1502930955593909,0.0,0.0,0.0,0.0,1.1502930955593909,0,0.0
2023-07-20,1.1502930955593909,0.0,0.0,0.0,0.0,1.1502930955593909,0,0.0
2023-07-21,1.1502930955593909,0.0,0.0,0.0,0.0,1.1502930955593909,0,0.0
2023-07-24,1.1502930955593909,0.0,0.0,0.0,0.0,1.1502930955593909,0,0.0
2023-07-25,1.1502930955593909,0.0,0.0,0.0,0.0,1.1502930955593909,0,0.0
2023-07-26,1.1502930955593909,0.0,0.0,0.0,0.0,1.1502930955593909,0,0.0
2023-07-27,1.1502930955593909,0.0,0.0,0.0,0.0,1.1502930955593909,0,0.0
2023-07-28,1.1502930955593909,0.0,0.0,0.0,0.0,1.1502930955593909,0,0.0
2023-07-31,1.1502930955593909,0.0,0.0,0.0,0.0,1.1502930955593909,0,0.0
2023-08-01,1.1502930955593909,0.0,0.0,0.0,0.0,1.1502930955593909,0,0.0
2023-08-02,1.1502930955593909,0.0,0.0,0.0,0.0,1.1502930955593909,0,0.0
2023-08-03,1.1502930955593909,0.0,0.0,0.0,0.0,1.1502930955593909,0,0.0
2023-08-04,1.1502930955593909,0.0,0.0,0.0,0.0,1.1502930955593909,0,0.0
2023-08-07,1.1502930955593909,0.0,0.0,0.0,0.0,1.1502930955593909,0,0.0
2023-08-08,1.1502930955593909,0.0,0.0,0.0,0.0,1.1502930955593909,0,0.0
2023-08-09,1.1502930955593909,0.0,0.0,0.0,0.0,1.1502930955593909,0,0.0
2023-08-10,1.1502930955593909,0.0,0.0,0.0,0.0,1.1502930955593909,0,0.0
2023-08-11,1.1502930955593909,0.0,0.0,0.0,0.0,1.1502930955593909,0,0.0
2023-08-14,1.1502930955593909,0.0,0.0,0.0,0.0,1.1502930955593909,0,0.0
2023-08-15,1.1502930955593909,0.008314617717272741,-0.0004573867092535559,0.00031403001508771377,0.00014378663694492386,1.1576925099153774,1,0.09714682988204193
2023-08-16,1.1576925099153774,-0.0006692937073712122,-0.0004397982482837496,0.0,0.00013388828251959916,1.1564495296772028,1,0.09782999441005762
2023-08-17,1.1564495296772028,-0.003500893737743898,-0.00045333132802032045,0.0,0.00013468506074266014,1.152360619550696,1,0.10121514288387848
2023-08-18,1.152360619550696,0.0001287171266208165,2.841657664551233e-05,0.0,0.00013885279138283144,1.1523789004625795,1,0.10110184036534335
2023-08-21,1.1523789004625795,-0.0009009707876553657,0.00038431551216509564,0.0,0.00013869955670828285,1.151723545630381,1,0.10194164985864805
2023-08-22,1.151723545630381,0.0059978567341690565,-0.00016103415051810897,0.0,0.00013977214097930115,1.1574205960730526,1,0.0962577839606822
2023-08-23,1.1574205960730526,-0.0012356078216028744,0.0006603746458698715,0.0,0.0001326318353433856,1.156712731061976,1,0.09738489642681322
2023-08-24,1.156712731061976,0.0068988078823483,-0.000830878235459069,0.0,0.00013410279703576997,1.1626465579118292,1,0.09095416049536698
2023-08-25,1.1626465579118292,-0.0013900526619669605,0.00041679159975996686,0.0,0.00012588993050916485,1.161547406919113,1,0.09223695361159394
2023-08-28,1.161547406919113,-0.003372186430861151,0.00037755103715487196,0.0,0.00012754475510674457,1.1584252267703,1,0.09539655919668538
2023-08-29,1.1584252267703,0.0024197307565050727,0.0008660634168309284,0.0,0.00013155926276253165,1.1615794616808734,1,0.09305437426347819
2023-08-30,1.1615794616808734,-0.0019048917092360166,0.0002503475211201283,0.0,0.00012867863090954942,1.1597962388618481,1,0.0948398847897625
2023-08-31,1.1597962388618481,0.002934569803774129,-8.931337060201936e-05,0.0,0.0001309463591348304,1.1625105489358856,1,0.09209410784915636
2023-09-01,1.1625105489358856,-0.0009781932078373997,0.00011367043629818047,0.0,0.0001274528236541469,1.1615185733406923,1,0.09301492680102959
2023-09-05,1.1615185733406923,0.0058176645405856155,-0.00026388060085670687,0.0,0.00012861733937776288,1.1669437399410434,1,0.08759711118712513
2023-09-06,1.1669437399410434,0.0004633541605683252,-0.00040867257786124904,0.0,0.00012169154825801808,1.1668767299754925,1,0.08720505239512664
2023-09-07,1.1668767299754925,0.007413646929617375,-0.0001853912162142624,0.0,0.00012113993616210341,1.1739838457527336,1,0.0803621785664846
2023-09-08,1.1739838457527336,0.0,9.066378777439001e-05,0.0,0.00011231416600779701,1.1739621953745003,1,0.08036366061724269
2023-09-11,1.1739621953745003,-0.001003930741318721,0.00039649817472930347,0.0,0.00011231416600779701,1.173242448641903,1,0.081268650225057
2023-09-12,1.173242448641903,-0.0025484380633878376,-0.0003328964167119317,0.0,0.00011350932165222406,1.1702476048401511,1,0.08365432054409383
2023-09-13,1.1702476048401511,0.00259992295008855,7.037036274371895e-05,0.0002503254367997546,0.00011654317648959053,1.1725510295396941,0,0.0
2023-09-14,1.1725510295396941,0.0,0.0,0.0,0.0,1.1725510295396941,0,0.0
2023-09-15,1.1725510295396941,0.0,0.0,0.0,0.0,1.1725510295396941,0,0.0
2023-09-18,1.1725510295396941,0.0,0.0,0.0,0.0,1.1725510295396941,0,0.0
2023-09-19,1.1725510295396941,0.0,0.0,0.0,0.0,1.1725510295396941,0,0.0
2023-09-20,1.1725510295396941,0.0,0.0,0.0,0.0,1.1725510295396941,0,0.0
2023-09-21,1.1725510295396941,0.0,0.0,0.0,0.0,1.1725510295396941,0,0.0
2023-09-22,1.1725510295396941,0.00559274497460742,-0.0018401968200358393,0.0007317642444355456,0.00031112425358654144,1.1752606891962436,3,0.2176126797987219
2023-09-25,1.1752606891962436,-0.009337928381015437,0.0016407653962976377,0.0,0.00030446622385486594,1.1672590599876709,3,0.2271043040110589
2023-09-26,1.1672590599876709,-0.0006862107011125322,-0.005756289687496604,0.0,0.00031558280526083665,1.160500976793801,3,0.22901813306051072
2023-09-27,1.160500976793801,0.002630488345169057,0.00015408975311719604,0.0,0.0003163997227621611,1.162969155169325,3,0.22627021327726712
2023-09-28,1.162969155169325,-0.020898696410398772,0.002239059667512036,0.0,0.0003132681890179122,1.1439962502374206,3,0.24829100193859527
2023-09-29,1.1439962502374206,-0.005818218622879021,-0.0009427415810998297,0.0,0.0003381475895064822,1.1368971424439351,3,0.25495903102124157
2023-10-02,1.1368971424439351,0.039553419271747915,-0.00015411741734571135,0.0,0.00034507404024800486,1.1759513702580895,3,0.2128563993948493
2023-10-03,1.1759513702580895,-0.006726029479956798,-0.00518518935296333,0.0,0.00029798663635306684,1.1637421647888164,3,0.22086920264092771
2023-10-04,1.1637421647888164,-0.005045786827465325,0.002782966065364184,0.0,0.0003059938143053964,1.16117335021241,3,0.2257032430136781
2023-10-05,1.16117335021241,0.0028403680242884044,-0.0001450435503757969,0.0,0.00031200070338571225,1.1635566739829368,3,0.22279982455200253
2023-10-06,1.1635566739829368,-0.002096918893550329,0.004568775012037618,0.0,0.00030861931288060705,1.1657199107885436,3,0.22418519173827997
2023-10-09,1.1657199107885436,0.003560771852889724,0.0024928789646125903,0.0,0.0003111156448967384,1.1714624459611493,3,0.22004663551025988
2023-10-10,1.1714624459611493,0.0007194773318110834,0.0020396282437739376,0.0,0.00030687663078615533,1.1739146749059484,3,0.21897408561585135
2023-10-11,1.1739146749059484,0.017025627745184804,0.0016135714596165127,0.0,0.0003060201101530469,1.1922478540005967,3,0.20132664863094354
2023-10-12,1.1922478540005967,0.009243879690625144,-0.0024112971545691125,0.0,0.0002857515056944936,1.1987946850309583,3,0.19251618978173024
2023-10-13,1.1987946850309583,0.0012390224405377948,-0.003567577705337087,0.0003524456373991018,0.00042459622264404774,1.195689087906116,4,0.2972526956843564
2023-10-16,1.195689087906116,-0.016915441125632685,0.0060851476218433806,0.0,0.00042312119592912177,1.1844356732063974,4,0.31435835151615893
2023-10-17,1.1844356732063974,0.006629411318813305,-2.6832945746901244e-05,0.0,0.0004432586258405893,1.1905949929536233,4,0.3071639277434178
2023-10-18,1.1905949929536233,0.002269006986336608,-0.007787362617662427,0.0,0.00043536646950866867,1.184641270852789,4,0.30679230611247915
2023-10-19,1.184641270852789,0.009138534201011034,-0.005066477376598138,0.0,0.0004326652707154108,1.1882806624064866,4,0.2981621298813455
2023-10-20,1.1882806624064866,-0.008739362644760707,-0.0070233599337285535,0.0006605013736223469,0.0004217860633332548,1.1714356523910416,1,0.11044896378757482
2023-10-23,1.1714356523910416,-0.0015849721831349803,-1.980810194445159e-05,0.0001814613115972946,0.00022647996777002953,1.1694229308265949,2,0.1640365859547221
2023-10-24,1.1694229308265949,-0.0008990585886424251,0.002653158498324871,0.00013737132203002418,0.000286773013749112,1.1707528864004983,3,0.20652384712992636
2023-10-25,1.1707528864004983,-0.0018263144047002454,-0.005820069846199272,0.0,0.00028784332159273397,1.1628186588280063,3,0.20950360805882984
2023-10-26,1.1628186588280063,0.005315487385380203,-0.004786228196563257,0.0,0.0002900175054078533,1.1630579005114154,3,0.20489024411633552
2023-10-27,1.1630579005114154,0.0007925743140094566,-0.0033423981057409463,0.0003419390227503562,0.00042907178179870856,1.1597370659151347,4,0.3100941868346062
2023-10-30,1.1597370659151347,-0.0027601695759792736,0.0068716009167645534,0.0,0.0004281282409486973,1.1634203690149714,4,0.3114849126113432
2023-10-31,1.1634203690149714,-0.0008963939709333239,0.003652744208229845,0.0,0.00043141415711057734,1.1657453050951574,4,0.3116326390987817
2023-11-01,1.1657453050951574,-0.0004214229549010896,0.00624180417786299,0.0,0.0004324812927902599,1.171133205025329,4,0.310558788136191
2023-11-02,1.171133205025329,-0.010364281368445428,0.011336042332564192,0.0,0.00043298298678418984,1.1716719830026634,4,0.3192617009655974
2023-11-03,1.1716719830026634,-0.007349619413869984,0.005500065403652961,0.0,0.00044532141698472007,1.1693771075754618,4,0.3261733167257349
2023-11-06,1.1693771075754618,0.0005389545453996332,0.0013995103445223378,0.0,0.00045407096390599386,1.1708615015014776,4,0.32529949498485117
2023-11-07,1.1708615015014776,-0.0041958698112388865,0.0021967681189529013,0.00030261698459874804,0.0005820930352799857,1.1679776897893128,5,0.42222897214362476
2023-11-08,1.1679776897893128,0.008331969474801266,0.0005669253419801149,0.0,0.0005870881183886035,1.1762894964877055,5,0.41216218577081637
2023-11-09,1.1762894964877055,0.015953449135560214,-0.006041166392096826,0.0,0.0005771691071090782,1.18562461012406,5,0.3954612588439815
2023-11-10,1.18562461012406,-0.0024451231189615515,0.011993720287960048,0.00037798857055086556,0.0005581769057572208,1.1942370418167505,4,0.28085758049680815
2023-11-13,1.1942370418167505,-0.003389041717900587,-0.0005618381116761621,0.0,0.0003992982453622833,1.1898868637418116,4,0.28473258941341945
2023-11-14,1.1898868637418116,-0.007595005145069332,0.011424517899532463,0.0,0.0004033328188359745,1.1933130436774388,4,0.29027971729849034
2023-11-15,1.1933130436774388,-0.00956221134497907,0.0012708515171029403,0.0,0.00041237449162772363,1.1846093093579348,4,0.3004845407682957
2023-11-16,1.1846093093579348,0.004010781561530391,0.0007357948181034584,0.0,0.0004237580765622226,1.1889321276610065,4,0.2960185821903241
2023-11-17,1.1889321276610065,-0.0015150492922215378,0.000749144699117786,0.0,0.0004189833366080198,1.1877472397312947,4,0.29758945356330363
2023-11-20,1.1877472397312947,-0.003722269427065374,0.004642043488457103,0.00017843857643221018,0.0004207869667178073,1.1880677882495363,3,0.2512494057699897
2023-11-21,1.1880677882495363,0.005971517012020978,-0.0009786111760629874,0.00016917302417934115,0.0003553587212049547,1.19253616234011,2,0.19385111568894753
2023-11-22,1.19253616234011,0.0033337941208426407,0.0014251221348757085,0.0,0.00027520769710600733,1.1970198708987225,2,0.19033992416277998
2023-11-24,1.1970198708987225,-0.00638353169266343,0.00022801854749384906,0.0,0.0002712388945811947,1.1905931188589718,2,0.19672900794634218
2023-11-27,1.1905931188589718,0.006519744852353347,-0.0006677526269876198,0.0003264011346961107,0.00027883833707246066,1.1958398716125689,1,0.09468160791795127
2023-11-28,1.1958398716125689,-0.009675504712234113,0.000167434047009087,0.0,0.0001347905260198505,1.186197010421324,1,0.10360803938062195
2023-11-29,1.186197010421324,-0.005764137359130582,-0.00011907178141318253,0.0,0.00014630898401060542,1.1801674922967695,1,0.10902154547372067
2023-11-30,1.1801674922967695,-0.002264483585686307,0.0006660457122629202,0.0,0.00015317105229528468,1.178415883371051,1,0.11110522979305408
2023-12-01,1.178415883371051,-0.02707084027641066,0.0010046497032946823,0.0,0.00015586686608776837,1.1521938259318474,1,0.13712884432647687
2023-12-04,1.1521938259318474,-0.004323100565282902,-0.0008967401916821043,0.0,0.00018809405689301916,1.1467858911179893,1,0.1415452610749971
2023-12-05,1.1467858911179893,-0.0016468935836772723,-3.348680940183432e-05,0.0,0.0001932406051850226,1.1449122701197252,1,0.14321534166277194
2023-12-06,1.1449122701197252,0.02027739933561177,-0.0006846457101605702,0.0003930714097164857,0.00019520119278463842,1.1639167511426753,0,0.0
2023-12-07,1.1639167511426753,0.0,0.0,0.0,0.0,1.1639167511426753,0,0.0
2023-12-08,1.1639167511426753,0.0,0.0,0.0,0.0,1.1639167511426753,0,0.0
2023-12-11,1.1639167511426753,0.0,0.0,0.0,0.0,1.1639167511426753,0,0.0
2023-12-12,1.1639167511426753,0.0,0.0,0.0,0.0,1.1639167511426753,0,0.0
2023-12-13,1.1639167511426753,0.0,0.0,0.0,0.0,1.1639167511426753,0,0.0
2023-12-14,1.1639167511426753,0.0,0.0,0.0,0.0,1.1639167511426753,0,0.0
2023-12-15,1.1639167511426753,0.0,0.0,0.0,0.0,1.1639167511426753,0,0.0
2023-12-18,1.1639167511426753,0.0,0.0,0.0,0.0,1.1639167511426753,0,0.0
2023-12-19,1.1639167511426753,0.0,0.0,0.0,0.0,1.1639167511426753,0,0.0
2023-12-20,1.1639167511426753,0.0,0.0,0.0,0.0,1.1639167511426753,0,0.0
2023-12-21,1.1639167511426753,0.0,0.0,0.0,0.0,1.1639167511426753,0,0.0
2023-12-22,1.1639167511426753,0.0,0.0,0.0,0.0,1.1639167511426753,0,0.0
2023-12-26,1.1639167511426753,0.0,0.0,0.0,0.0,1.1639167511426753,0,0.0
2023-12-27,1.1639167511426753,0.0,0.0,0.0,0.0,1.1639167511426753,0,0.0
2023-12-28,1.1639167511426753,0.0,0.0,0.0,0.0,1.1639167511426753,0,0.0
2023-12-29,1.1639167511426753,0.0,0.0,0.0,0.0,1.1639167511426753,0,0.0
2024-01-02,1.1639167511426753,0.0,0.0,0.0,0.0,1.1639167511426753,0,0.0
2024-01-03,1.1639167511426753,0.0,0.0,0.0,0.0,1.1639167511426753,0,0.0
2024-01-04,1.1639167511426753,0.0,0.0,0.0,0.0,1.1639167511426753,0,0.0
2024-01-05,1.1639167511426753,0.0,0.0,0.0,0.0,1.1639167511426753,0,0.0
2024-01-08,1.1639167511426753,0.0,0.0,0.0,0.0,1.1639167511426753,0,0.0
2024-01-09,1.1639167511426753,0.0,0.0,0.0,0.0,1.1639167511426753,0,0.0
2024-01-10,1.1639167511426753,0.0,0.0,0.0,0.0,1.1639167511426753,0,0.0
2024-01-11,1.1639167511426753,0.0,0.0,0.0,0.0,1.1639167511426753,0,0.0
2024-01-12,1.1639167511426753,0.0,0.0,0.0,0.0,1.1639167511426753,0,0.0
2024-01-16,1.1639167511426753,0.0,0.0,0.0,0.0,1.1639167511426753,0,0.0
2024-01-17,1.1639167511426753,0.0,0.0,0.0,0.0,1.1639167511426753,0,0.0
2024-01-18,1.1639167511426753,0.0,0.0,0.0,0.0,1.1639167511426753,0,0.0
2024-01-19,1.1639167511426753,0.0,0.0,0.0,0.0,1.1639167511426753,0,0.0
2024-01-22,1.1639167511426753,0.0,0.0,0.0,0.0,1.1639167511426753,0,0.0
2024-01-23,1.1639167511426753,0.0,0.0,0.0,0.0,1.1639167511426753,0,0.0
2024-01-24,1.1639167511426753,0.0,0.0,0.0,0.0,1.1639167511426753,0,0.0
2024-01-25,1.1639167511426753,0.0,0.0,0.0,0.0,1.1639167511426753,0,0.0
2024-01-26,1.1639167511426753,0.0,0.0,0.0,0.0,1.1639167511426753,0,0.0
2024-01-29,1.1639167511426753,0.0,0.0,0.0,0.0,1.1639167511426753,0,0.0
2024-01-30,1.1639167511426753,0.0,0.0,0.0,0.0,1.1639167511426753,0,0.0
2024-01-31,1.1639167511426753,0.0,0.0,0.0,0.0,1.1639167511426753,0,0.0
2024-02-01,1.1639167511426753,0.0,0.0,0.0,0.0,1.1639167511426753,0,0.0
2024-02-02,1.1639167511426753,0.0,0.0,0.0,0.0,1.1639167511426753,0,0.0
2024-02-05,1.1639167511426753,0.0,0.0,0.0,0.0,1.1639167511426753,0,0.0
2024-02-06,1.1639167511426753,0.0,0.0,0.0,0.0,1.1639167511426753,0,0.0
2024-02-07,1.1639167511426753,0.0,0.0,0.0,0.0,1.1639167511426753,0,0.0
2024-02-08,1.1639167511426753,0.0,0.0,0.0,0.0,1.1639167511426753,0,0.0
2024-02-09,1.1639167511426753,0.0,0.0,0.0,0.0,1.1639167511426753,0,0.0
2024-02-12,1.1639167511426753,0.0,0.0,0.0,0.0,1.1639167511426753,0,0.0
2024-02-13,1.1639167511426753,-0.008709741521184124,-0.00039807686160848576,0.0012123189145553197,0.0005356321582887488,1.1530609816870385,4,0.3977593221589182
2024-02-14,1.1530609816870385,-0.013116801975090953,0.00397183307823109,0.0,0.0005460008981949204,1.1433700118919836,4,0.4126027021455517
2024-02-15,1.1433700118919836,-0.007237992706449112,0.003042996066338736,0.0,0.0005616161386414573,1.1386133991132317,4,0.42068321832355193
2024-02-16,1.1386133991132317,-0.0023268735350053522,-0.0022114781298634987,0.0,0.0005702327966253252,1.1335048146517377,4,0.4246320055095328
2024-02-20,1.1335048146517377,0.016963815930570142,-0.002432625942849849,0.0,0.0005730028841669983,1.147463001755291,4,0.4046828577996609
2024-02-21,1.147463001755291,0.011924180656587104,0.001051020127590496,0.00033735412251605556,0.0006962407404214452,1.159404607676531,5,0.4941484944117703
2024-02-22,1.159404607676531,0.003686086775180913,0.012856167770441348,0.0,0.0006820452872588415,1.1752648169348943,5,0.48434356778143867
2024-02-23,1.1752648169348943,-0.009537005727011915,0.0004372918805491137,0.0,0.0006776570887169595,1.1654874459997144,5,0.49658961341519214
2024-02-26,1.1654874459997144,-0.011450593194217443,-0.0023238732956306508,0.0,0.0006890106669634023,1.151023968842903,5,0.5127778129909919
2024-02-27,1.151023968842903,0.0016577289557657981,0.0011744236206011525,0.0,0.0007026423255279468,1.1531534790937419,5,0.5103933129094469
2024-02-28,1.1531534790937419,-0.0038227945734790624,-0.0008370656504992638,0.0,0.0007006688386758446,1.1477929500310877,5,0.5161075602051258
2024-02-29,1.1477929500310877,0.007526479326711026,0.0022738491481652714,0.0,0.000705219784596653,1.1568880587213675,5,0.505544279176745
2024-03-01,1.1568880587213675,-0.00269318721031913,0.005959545976586288,0.0,0.0006962596901600923,1.1594581577974745,5,0.5067464685926387
2024-03-04,1.1594581577974745,-0.01166302526306968,-0.0006871457207477661,0.0,0.0006994658654104723,1.1464085209482466,5,0.5226883272921148
2024-03-05,1.1464085209482466,0.005376198344393287,-0.0063968378571353296,0.0,0.0007133504192950789,1.1446745310162094,5,0.518783407661111
2024-03-06,1.1446745310162094,-0.00098712333967617,0.0032109249654339745,0.0,0.0007069501831708013,1.1461913824587964,5,0.5189580782985272
2024-03-07,1.1461913824587964,0.007422519209934522,0.006321877892259688,0.0,0.0007081253300037491,1.159227654230987,5,0.5067190692434682
2024-03-08,1.159227654230987,0.004863855044880566,-0.0038605907037439543,0.0,0.0006992889976109699,1.1595316295745126,5,0.5023915588763158
2024-03-11,1.1595316295745126,-0.011709425942321014,-0.0005497318278626839,0.0,0.000693498693986112,1.1465789731103428,5,0.5182794581332922
2024-03-12,1.1465789731103428,0.0015536161527838063,0.006871647848283549,0.0,0.0007074384867745894,1.1542967986246355,5,0.5134682115068476
2024-03-13,1.1542967986246355,0.003971652451449135,-0.0010120739103056653,0.0012396231168126063,0.0007055889437355611,1.1553111651052308,1,0.11199373749463869
2024-03-14,1.1553111651052308,0.0023227787279424556,-0.0003720730398952115,0.0,0.00015403287541597663,1.157107837917862,1,0.10981244137981347
2024-03-15,1.157107837917862,-0.0007312386219877313,-0.001867746099046715,0.0,0.00015126766264461655,1.154357585534183,1,0.11070752845127065
2024-03-18,1.154357585534183,0.012732288030178892,0.0011053203252969859,0.0,0.00015213818481364956,1.1680430557048451,1,0.09850988510338136
2024-03-19,1.1680430557048451,0.001075362497320437,0.0010396715096587217,0.0,0.0001369806990634366,1.170021109012761,1,0.09742424631308348
2024-03-20,1.170021109012761,0.0019356557769226893,0.0017400442906379435,0.0003181053436739232,0.0001357005056142456,1.1732430032310337,0,0.0
2024-03-21,1.1732430032310337,0.0,0.0,0.0,0.0,1.1732430032310337,0,0.0
2024-03-22,1.1732430032310337,0.0,0.0,0.0,0.0,1.1732430032310337,0,0.0
2024-03-25,1.1732430032310337,0.0,0.0,0.0,0.0,1.1732430032310337,0,0.0
2024-03-26,1.1732430032310337,-0.005239560928734266,-0.0008579291857298122,0.00034493344294992393,0.00014665537540387922,1.1666539242982157,1,0.11008412485754775
2024-03-27,1.1666539242982157,-0.0014622006176737991,0.00154569632155725,0.0,0.00015289294793808668,1.1665845270541608,1,0.11134407655283099
2024-03-28,1.1665845270541608,0.00012185295660722235,-3.544321436165937e-05,0.0,0.0001546336629591269,1.1665163031334471,1,0.11124612967729257
2024-04-01,1.1665163031334471,0.001827747866957843,-0.00032262413072792505,0.0,0.0001544885999155469,1.1678669382697615,1,0.1095524428935829
2024-04-02,1.1678669382697615,0.007554709001583396,-0.0011769830292967642,0.0,0.00015231270959773993,1.1740923515324506,1,0.10253705077235636
2024-04-03,1.1740923515324506,0.007798414914797798,0.00020205661520706668,0.0,0.00014331900840537876,1.18194950405405,1,0.09525749768458103
2024-04-04,1.18194950405405,-0.0019496008235650438,-0.00224763641550855,0.0,0.00013403518112585754,1.1776182316338504,1,0.09726339987991826
2024-04-05,1.1776182316338504,0.003655495733915686,0.0019002150175898673,0.0,0.00013635613448724452,1.1830375862508689,1,0.0937279242215524
2024-04-08,1.1830375862508689,0.013403523092816151,0.00010280263213201689,0.0,0.0001320043538516306,1.1964119076219655,1,0.08147706782383071
2024-04-09,1.1964119076219655,0.009138762575864396,0.00021272420048197392,0.0,0.00011604777874113518,1.2056473466195705,1,0.07327297805148687
2024-04-10,1.2056473466195705,-0.006092508383909598,-0.001843501546990411,0.0,0.00010516829948415376,1.1976061683891863,1,0.07885219903101783
2024-04-11,1.1976061683891863,-0.0006092531624984671,0.0013755342716548755,0.0,0.00011242128565547471,1.1982600282126872,1,0.07931761961121463
2024-04-12,1.1982600282126872,0.0012185063249969342,-0.002534806512822813,0.0,0.00011314658703940145,1.196830581437822,1,0.07839424246277475
2024-04-15,1.196830581437822,0.002315148072849131,-0.00226891749079833,0.0,0.00011169598427154797,1.1967651160356012,1,0.07646402580515135
2024-04-16,1.1967651160356012,-0.001096647558120965,-0.00032616196073290935,0.0,0.00010893985561339423,1.1952333666611341,1,0.07747953567600435
2024-04-17,1.1952333666611341,0.0012185005147281659,-0.0010564696090359005,0.0,0.0001102453884206811,1.1952851521784058,1,0.07645675644183325
2024-04-18,1.1952851521784058,0.0008529532654441002,-0.00036515382415153587,0.0,0.00010879479256981424,1.1956641568271285,1,0.07571914904051903
2024-04-19,1.1956641568271285,0.0076765561479218295,-0.00154569632155725,0.0,0.00010777937201571412,1.2016872372814773,1,0.06895148236135402
2024-04-22,1.2016872372814773,0.004455928760018848,0.0018055184668771171,0.00015414032719414657,0.00016730172468574437,1.2076272424564933,2,0.1126817242870445
2024-04-23,1.2076272424564933,-0.007802212871288742,0.0026950183604862897,0.0,0.00016199704759048384,1.2023580508981004,2,0.11966463129666267
2024-04-24,1.2023580508981004,-0.008995096554318157,-0.00010906895224669443,0.00026582765639488235,0.00017128539624677993,1.1928167723388938,1,0.05103713486615422
2024-04-25,1.1928167723388938,0.0009875923586459682,-0.00019191256940448076,0.0,7.247375057198916e-05,1.1935399783775633,1,0.05017876167268129
2024-04-26,1.1935399783775633,-0.004204316527203041,0.0004767814074258596,0.0,7.12980453831249e-05,1.189741145212403,1,0.0538727898139433
2024-04-29,1.189741145212403,-0.0011992158328195147,0.00017991555540991947,0.0,7.630318410598567e-05,1.1886455417508872,1,0.054931338391821086
2024-04-30,1.1886455417508872,0.013222443953821215,-0.003229857059473137,0.0003494617892747609,0.0002263115147210603,1.1980623553412395,2,0.1476377482551729
2024-05-01,1.1980623553412395,-0.0049556867409860615,-0.0007629643369412285,0.0,0.00021057051001413028,1.192133133753298,2,0.15252903388430164
2024-05-02,1.192133133753298,-0.0063832880040951435,0.002190587001559297,0.0,0.00021647013708673272,1.1877239626136755,2,0.15846965210903247
2024-05-03,1.1877239626136755,0.005102706242617501,0.0029777305080426115,0.00034919084500842064,0.00037253478479926973,1.1950826737345277,3,0.2575775883578317
2024-05-06,1.1950826737345277,-0.0113149687992917,0.004403728024038406,0.0,0.00036646013451043934,1.187804972824764,3,0.268681718876036
2024-05-07,1.187804972824764,0.0021959464348226014,0.0004754086757390362,0.0,0.0003799303354619771,1.1900963975998637,3,0.2663192124540841
2024-05-08,1.1900963975998637,-0.0009837841164073802,4.169179841848919e-05,0.0,0.00037731611351575977,1.1887769891683593,3,0.26744235661228727
2024-05-09,1.1887769891683593,0.0017130171945898523,0.002485421692288543,0.0,0.0003784872850829113,1.1925969407701547,3,0.26514934884106756
2024-05-10,1.1925969407701547,-0.0048044632090046835,0.0005588431783127893,0.0,0.0003764479788988758,1.187974872760564,3,0.2702252150654386
2024-05-13,1.187974872760564,-0.0046329907247924795,-0.0005324641144491497,0.00034926461259160587,0.0005306644370522852,1.1819294888716787,4,0.38106428690486016
2024-05-14,1.1819294888716787,-0.014723183040496829,0.002849127297565624,0.0,0.0005361799022008477,1.1695192532265468,4,0.3976970020852764
2024-05-15,1.1695192532265468,0.002801277340897578,0.007724832628204829,0.0,0.0005537075010585821,1.1794916556945907,4,0.3919595541996945
2024-05-16,1.1794916556945907,0.007888344596570424,-0.001299416834547844,0.0,0.000550372647081323,1.185530210809532,4,0.3833092356553612
2024-05-17,1.185530210809532,-0.014414510456113359,0.0009060047272405932,0.0,0.0005409817606568345,1.1714807233200026,4,0.40021075897788017
2024-05-20,1.1714807233200026,-0.00228597699120668,0.0007271611985257379,0.0002265260823484772,0.0005581418921522074,1.169137239552821,3,0.3290916068734509
2024-05-21,1.169137239552821,-0.004419129794203061,0.0014197717897047055,0.0,0.00045803958669051007,1.165679841961632,3,0.33385872227087976
2024-05-22,1.165679841961632,-0.0004634795655431124,-0.0016709432110675547,0.0,0.0004633004554931327,1.1630821187295284,3,0.33500288234624936
2024-05-23,1.1630821187295284,0.012318162707017627,-0.0042265857598017065,0.0,0.0004638522168806841,1.1707098434598637,3,0.3222982206740904
2024-05-24,1.1707098434598637,-0.003049675907622813,0.0038006342251656645,0.0,0.0004491877374675679,1.1710116140399391,3,0.3248194730265134
2024-05-28,1.1710116140399391,-0.012617383772011692,0.0004040873557063676,0.0,0.00045281830402426167,1.1583454993196096,3,0.3392638546817192
2024-05-29,1.1583454993196096,0.0079174206288742,-0.0040518723056106164,0.00033310177431076485,0.00046783899899094226,1.1614101068695715,2,0.2301685752036759
2024-05-30,1.1614101068695715,0.00647404318544743,-0.0025268272217810906,0.0,0.0003182382256253788,1.1650390846076124,2,0.2238946914194937
2024-05-31,1.1650390846076124,0.006555491289919631,0.0034463483975562034,0.0,0.000310531031356989,1.1747303932637314,2,0.21646717962532694
2024-06-03,1.1747303932637314,0.006080407725583442,0.0003113238506024446,0.00036314452209424477,0.00030272687505946566,1.1804562534427636,1,0.10030431185553357
2024-06-04,1.1804562534427636,0.005863731597605912,0.001157988893810258,0.0003615190130803719,0.00028851518903408085,1.1868279397320654,2,0.19926142558154725
2024-06-05,1.1868279397320654,0.010673214392440195,0.005329118202232188,0.0,0.00028153455617978805,1.202548737770558,2,0.18778100687813173
2024-06-06,1.202548737770558,-0.002468054976766377,-8.494186908146279e-06,0.0,0.0002688283485697402,1.1998033602583138,2,0.19026773497800456
2024-06-07,1.1998033602583138,0.005325631738563483,-0.000551552416980791,0.0,0.00027176650925636684,1.20430567307064,2,0.18513425704315087
2024-06-10,1.20430567307064,-0.013739585526977918,0.0022823924867415753,0.00035406586788276823,0.0004159646806061927,1.192078449481915,3,0.30463592173317716
2024-06-11,1.192078449481915,0.0035063444140115826,0.0015536440853868125,0.0003321550758051605,0.00043232133004307116,1.1963739615754652,2,0.2024134834275665
2024-06-12,1.1963739615754652,0.0013431376608209922,0.003638144140025263,0.00035173394470318684,0.0004378351035832754,1.200565674328025,3,0.30522141119371204
2024-06-13,1.200565674328025,-0.0065927646105001046,0.001301682275514532,0.0,0.00043623613017753607,1.194838355862862,3,0.31220215866793394
2024-06-14,1.194838355862862,-0.000594259491575648,0.00039409799337628503,0.0,0.0004440846594757505,1.194194109705187,3,0.3128682099624857
2024-06-17,1.194194109705187,0.029439111426080633,0.005158769701347642,0.0,0.00044479211125143586,1.2283471987213637,3,0.2802027491766195
2024-06-18,1.2283471987213637,0.011946143546704528,0.0019989497679705802,0.0002603524332815467,0.0005204396117992763,1.241511499990958,4,0.3425043830587027
2024-06-20,1.241511499990958,0.0037117349529047234,-0.0030274791837962113,0.0003650043809973417,0.0006614069498377835,1.2411693444292313,5,0.4446372329350581
2024-06-21,1.2411693444292313,-0.013112564128370927,-0.0044943499332372695,0.0,0.0006569882177509922,1.2229054421498722,5,0.4620002884654457
2024-06-24,1.2229054421498722,0.01536300154711589,-0.003194826651237396,0.0,0.00067259841314191,1.2344010186326086,5,0.4452521159622199
2024-06-25,1.2344010186326086,0.01829404628836705,0.003772429276493867,0.0,0.0006543091255858197,1.2558131850718837,5,0.4230928815843799
2024-06-26,1.2558131850718837,-0.018148226249096577,0.001227364266256408,0.0,0.0006325304990520493,1.2382597925899914,5,0.44374682012691186
2024-06-27,1.2382597925899914,-0.011995992743819569,0.001552245086756376,0.0,0.0006541355303009738,1.2271619094026274,5,0.45753525585711563
2024-06-28,1.2271619094026274,-0.02172205705458056,-0.00388072288332719,0.0,0.0006684164740436162,1.200890712990676,5,0.4856327798545863
2024-07-01,1.200890712990676,0.017004362533303535,0.0020216642716157744,0.0,0.0006942760657752598,1.2192224637298201,5,0.46438410508435474
2024-07-02,1.2192224637298201,0.0011012157574712056,0.006624197645250117,0.0,0.0006740327770451364,1.2262738443554964,5,0.4608157627772293
2024-07-03,1.2262738443554964,-0.0073196363755001,0.004422190917493804,0.00032507026928232376,0.0006727218059052897,1.2223786068223024,4,0.37960302027957454
2024-07-05,1.2223786068223024,0.010920842660338277,0.004179888826185715,0.0,0.0005524031084224815,1.2369269352004038,4,0.36630924230066714
2024-07-08,1.2369269352004038,-0.007228691988945268,0.0008412566789770525,0.0,0.0005394021052554122,1.2300000977851802,4,0.37424912504672636
2024-07-09,1.2300000977851802,0.0084337786582367,0.0007097651953948106,0.0,0.0005480076909565375,1.2385956339478552,4,0.3648427859420983
2024-07-10,1.2385956339478552,0.0066390201604130394,0.007229384117488094,0.00021351592121808899,0.0005379674782681604,1.2517125548262702,3,0.30024657438211816
2024-07-11,1.2517125548262702,-0.01212991253371347,-0.004640059568871767,0.0,0.0004474076270210439,1.2344951750966637,3,0.3142598910530475
2024-07-12,1.2344951750966637,-0.00710722150561134,0.0033649925684646406,0.0004485100926327788,0.0004618479990849885,1.2298425880677992,2,0.18802471277291577
2024-07-15,1.2298425880677992,0.0058217257063371075,0.0009406441414445166,0.0,0.00027528666592541347,1.2363296712496554,2,0.18232925967324023
2024-07-16,1.2363296712496554,-0.016959129413180514,0.002033911821057781,0.0,0.00026835604008453593,1.2211360976174481,2,0.1984858227982069
2024-07-17,1.2211360976174481,0.0024244426274074686,-0.00483746529953955,0.0,0.00028854547986213177,1.2184345294654537,2,0.19693611322887797
2024-07-18,1.2184345294654537,-0.0007289850595277283,-0.002614209328418488,0.00028042846829877535,0.00028565923863902766,1.2145252473705697,1,0.11509145544121435
2024-07-19,1.2145252473705697,-0.0009984381961744987,-0.001306095915620721,0.00039102537309697685,0.00016640652189283303,1.2116632813637844,0,0.0
2024-07-22,1.2116632813637844,0.0,0.0,0.0,0.0,1.2116632813637844,0,0.0
2024-07-23,1.2116632813637844,0.0,0.0,0.0,0.0,1.2116632813637844,0,0.0
2024-07-24,1.2116632813637844,0.0,0.0,0.0,0.0,1.2116632813637844,0,0.0
2024-07-25,1.2116632813637844,0.0,0.0,0.0,0.0,1.2116632813637844,0,0.0
2024-07-26,1.2116632813637844,0.0,0.0,0.0,0.0,1.2116632813637844,0,0.0
2024-07-29,1.2116632813637844,0.0,0.0,0.0,0.0,1.2116632813637844,0,0.0
2024-07-30,1.2116632813637844,0.00594561243887604,-0.0013769488187022926,0.00034644799921724687,0.00014815944628776586,1.2157373375384533,1,0.0974785578954047
2024-07-31,1.2157373375384533,-0.004733404042235474,0.00284762627282287,0.0,0.00014108133624148486,1.2137104784327992,1,0.10154128902653815
2024-08-01,1.2137104784327992,0.004502511923380348,-0.0025211641682339886,0.0,0.00014671634105366995,1.2155451098468921,1,0.09768392271074053
2024-08-02,1.2155451098468921,0.005022021943321175,-0.0032678170128300353,0.0,0.0001413562078115505,1.2171579585695718,1,0.09342845915580583
2024-08-05,1.2171579585695718,-0.0008658647133242874,-0.005016484406264241,0.0,0.00013537761025997767,1.211140231839723,1,0.09460758904660756
2024-08-06,1.211140231839723,-0.0066383108155757785,0.001541797582658341,0.0,0.0001364084015853637,1.2059073102052202,1,0.10052295655016136
2024-08-07,1.2059073102052202,0.00461795247777432,-0.0011280776892976072,0.0,0.00014431115255628726,1.2092528738411406,1,0.09642599839281024
2024-08-08,1.2092528738411406,-0.0024821425755117087,0.0038755044800557604,0.0,0.0001388135900827464,1.2105074221556018,1,0.09837656181649676
2024-08-09,1.2105074221556018,0.04548687044131219,0.000756339386374699,0.0,0.00014176852172026035,1.2566088634615686,1,0.05856928909522801
2024-08-12,1.2566088634615686,0.004156162735030479,9.051294028606394e-05,0.0,8.761748548060298e-05,1.2607679216514045,1,0.05507954626392891
2024-08-13,1.2607679216514045,-0.006696036597806355,0.002834684579530006,0.0,8.266967270080479e-05,1.2568238999604273,1,0.060580135107933336
2024-08-14,1.2568238999604273,0.0033480182989031773,0.0005527247271130457,0.0,9.064114484105045e-05,1.2606340018416025,1,0.05774121851484478
2024-08-15,1.2606340018416025,0.0013853857433322962,0.003012475036778918,0.0,8.665540877092762e-05,1.2649452072129428,1,0.05644920998718521
2024-08-16,1.2649452072129428,0.0011544881194435904,0.0004007979282588655,0.0,8.500614002886537e-05,1.2664154871206164,1,0.05547205496083173
2024-08-19,1.2664154871206164,-0.005137479012815929,0.001713097465069826,0.0,8.363174941048014e-05,1.2629074738234598,1,0.05969411859554619
2024-08-20,1.2629074738234598,-0.004848850101663026,-0.00029412759954771734,0.0,8.974779585430862e-05,1.2576747483263948,1,0.06379789267937101
2024-08-21,1.2576747483263948,-0.0006926983766997488,0.0006205897041365984,0.0,9.552023645152651e-05,1.2575071194173804,1,0.06435724756252499
2024-08-22,1.2575071194173804,0.003174846457245038,-0.0014222052888453246,0.0,9.634487737616907e-05,1.259163415708404,1,0.06175119890613419
2024-08-23,1.259163415708404,-0.000461795247777432,0.0019102807340670382,0.0,9.256529826040116e-05,1.260519335896433,1,0.06205112730848333
2024-08-26,1.260519335896433,0.00017317184165813936,-0.00043313243330002913,0.0,9.311505450775525e-05,1.2601662602502834,1,0.061931093068113056
2024-08-27,1.2601662602502834,-0.000346343683316289,0.0002488908575956806,0.00023227677893891528,9.290889755340032e-05,1.2597436217480706,0,0.0
