i,sharpe,total_return,cagr,mean_trade,trades
0,-0.011,-0.97,-0.33,0.19,57
1,0.335,6.5,2.16,1.19,57
2,-0.253,-6.29,-2.23,-0.34,57
3,0.251,4.84,1.65,2.27,57
4,-0.179,-4.86,-1.74,-1.95,57
5,0.198,4.22,1.45,2.73,57
6,0.611,13.63,4.53,5.31,57
7,-0.392,-8.55,-3.08,-1.99,57
8,0.112,1.74,0.61,1.02,57
9,-0.294,-7.84,-2.89,-3.83,57
10,-0.019,-1.28,-0.44,0.66,57
11,-0.214,-6.4,-2.26,-3.72,57
12,0.748,17.19,5.69,5.49,57
13,-0.149,-6.76,-2.48,-2.82,57
14,-0.272,-8.7,-3.18,-2.89,57
15,-0.058,-2.77,-0.97,-3.88,57
16,0.651,13.53,4.91,1.31,57
17,0.554,11.24,3.7,3.8,57
18,0.313,6.41,2.18,3.4,57
19,-0.62,-18.4,-6.74,-5.65,57
20,-0.807,-18.12,-6.8,-6.22,57
21,0.235,4.18,1.47,1.92,57
22,0.622,14.25,4.75,3.64,57
23,0.123,1.96,0.68,1.64,57
24,-0.063,-2.23,-0.77,0.82,57
25,0.33,6.98,2.32,2.19,57
26,0.606,13.97,4.71,3.94,57
27,-0.255,-6.84,-2.43,-3.8,57
28,0.11,1.64,0.57,-0.01,57
29,0.066,0.59,0.2,-1.57,57
30,0.512,15.6,5.28,4.64,57
31,-0.025,-1.74,-0.62,1.12,57
32,0.243,5.07,1.74,0.29,57
33,-1.033,-26.71,-10.34,-6.76,57
34,-0.136,-3.85,-1.41,-0.21,57
35,0.914,21.88,7.17,4.6,57
36,0.398,7.7,2.69,2.79,57
37,0.594,13.18,4.38,3.54,57
38,-0.091,-2.82,-1.01,0.44,57
39,-0.135,-7.26,-2.58,-1.92,57
40,-0.661,-20.7,-7.74,-9.17,57
41,0.61,12.17,4.19,5.19,57
42,-0.737,-19.41,-7.39,-5.02,57
43,0.234,5.76,2.05,4.57,57
44,-0.27,-7.62,-2.81,-2.16,57
45,0.218,4.25,1.43,0.45,57
46,-0.737,-16.13,-5.94,-3.29,57
47,0.185,3.24,1.11,0.84,57
48,-0.32,-7.93,-2.9,-1.72,57
49,0.277,5.49,1.92,1.87,57
50,-0.629,-13.08,-4.89,-6.08,57
51,-0.058,-2.1,-0.73,0.59,57
52,0.272,5.72,1.94,0.25,57
53,-0.239,-7.16,-2.52,-2.0,57
54,-0.406,-11.42,-4.22,-3.3,57
55,0.634,13.11,4.47,3.9,57
56,0.063,0.5,0.17,-2.16,57
57,-0.554,-12.39,-4.58,-1.13,57
58,-0.412,-13.92,-5.15,-5.56,57
59,-0.46,-12.45,-4.46,-3.75,57
60,-0.121,-3.69,-1.32,0.52,57
61,-1.172,-24.66,-9.44,-7.12,57
62,-0.107,-3.66,-1.3,-0.97,57
63,-0.023,-1.68,-0.59,-2.97,57
64,0.042,0.01,0.0,-0.08,57
65,-0.5,-11.45,-4.09,-2.8,57
66,0.335,6.66,2.23,1.66,57
67,0.342,7.18,2.43,2.58,57
68,0.014,-0.83,-0.29,-2.38,57
69,0.139,2.68,0.92,1.07,57
70,-0.809,-18.53,-6.78,-4.44,57
71,-0.166,-4.28,-1.53,-0.23,57
72,-0.531,-14.38,-5.32,-4.32,57
73,-0.777,-23.15,-8.84,-7.76,57
74,-0.386,-9.79,-3.66,-4.05,57
75,0.291,5.43,1.92,1.67,57
76,-0.194,-4.76,-1.69,-0.23,57
77,0.413,8.0,2.78,2.27,57
78,0.757,17.25,5.76,4.81,57
79,0.683,16.85,5.64,5.35,57
80,0.107,1.43,0.52,-0.26,57
81,0.201,4.04,1.41,2.18,57
82,-0.495,-12.02,-4.37,-0.27,57
83,-0.373,-9.19,-3.34,-3.15,57
84,0.329,7.69,2.59,2.13,57
85,0.002,-1.13,-0.4,-0.64,57
86,0.22,4.49,1.54,0.73,57
87,-0.901,-19.03,-7.13,-3.63,57
88,0.452,10.52,3.75,3.57,57
89,-0.36,-9.45,-3.46,-2.65,57
90,0.314,6.39,2.24,2.96,57
91,0.01,-0.7,-0.25,0.26,57
92,-0.041,-1.78,-0.64,1.02,57
93,0.023,-0.82,-0.28,-2.18,57
94,0.682,14.51,4.75,4.11,57
95,0.387,7.3,2.43,4.83,57
96,-0.218,-6.48,-2.33,0.45,57
97,0.329,7.22,2.47,4.16,57
98,-0.62,-13.08,-4.76,-4.28,57
99,0.934,22.2,7.22,4.2,57
100,0.043,-0.07,-0.02,-1.59,57
101,-0.446,-10.18,-3.74,-1.1,57
102,-0.414,-11.4,-4.05,-4.0,57
103,0.443,8.61,2.93,3.21,57
104,0.228,3.93,1.34,2.47,57
105,0.357,6.65,2.35,3.71,57
106,0.111,1.66,0.57,-0.0,57
107,0.2,3.53,1.23,0.92,57
108,0.044,0.07,0.03,0.67,57
109,0.093,1.25,0.43,-2.03,57
110,0.13,1.99,0.73,1.81,57
111,0.446,8.76,2.98,3.62,57
112,-0.157,-4.55,-1.65,-0.26,57
113,-0.554,-14.23,-5.2,-3.81,57
114,0.46,9.22,3.15,-0.07,57
115,-0.19,-5.07,-1.83,-0.87,57
116,-0.305,-8.12,-2.95,-2.11,57
117,1.06,24.99,7.97,6.39,57
118,-0.395,-8.92,-3.18,-3.69,57
119,0.486,11.32,3.9,3.68,57
120,0.497,10.53,3.61,2.73,57
121,0.332,7.02,2.46,1.62,57
122,0.098,1.34,0.46,0.47,57
123,0.449,11.04,3.65,3.78,55
124,-0.359,-7.66,-2.68,-0.77,57
125,-0.738,-20.67,-8.03,-7.49,57
126,0.433,8.74,2.97,1.77,57
127,0.603,14.73,4.96,3.2,57
128,0.027,-0.3,-0.11,0.71,57
129,-0.301,-7.74,-2.73,-4.31,57
130,0.851,18.43,6.23,4.52,57
131,0.08,0.8,0.27,-0.15,57
132,-0.154,-4.23,-1.53,-2.44,57
133,-0.596,-15.61,-5.63,-6.57,57
134,-0.301,-8.93,-3.28,-1.14,57
135,-0.375,-9.75,-3.48,-2.1,57
136,-0.615,-16.1,-6.03,-6.55,57
137,-0.814,-19.12,-7.24,-5.3,57
138,-0.263,-6.52,-2.32,-3.01,57
139,-0.228,-6.71,-2.43,-0.94,57
140,0.175,3.36,1.16,2.02,57
141,-0.2,-7.28,-2.62,-4.57,57
142,-0.23,-5.61,-2.01,0.76,57
143,-0.948,-20.98,-7.89,-7.86,57
144,0.438,10.5,3.64,4.33,57
145,-0.439,-9.38,-3.45,-2.17,57
146,0.985,25.81,8.6,4.53,57
147,0.188,3.43,1.21,2.02,57
148,-0.224,-6.11,-2.17,-1.86,57
149,0.057,0.16,0.06,-3.16,57
150,0.483,9.9,3.43,2.75,57
151,0.099,1.28,0.46,0.18,57
152,-0.165,-4.3,-1.51,-1.56,56
153,-0.761,-18.31,-6.91,-4.12,57
154,-0.18,-4.82,-1.76,0.43,57
155,0.018,-0.52,-0.19,0.53,57
156,-0.166,-4.0,-1.44,-0.3,56
157,0.595,12.5,4.26,2.55,57
158,-0.491,-14.6,-5.51,-3.23,57
159,-0.424,-10.62,-3.83,-0.67,57
160,-0.36,-11.45,-4.22,-4.49,57
161,-0.475,-10.42,-3.85,-1.19,57
162,-0.323,-8.93,-3.13,-1.67,57
163,-0.15,-5.16,-1.87,-0.6,57
164,-0.467,-13.34,-4.82,-1.87,57
165,0.27,5.4,1.86,0.7,57
166,0.204,3.69,1.25,1.1,57
167,-0.317,-6.72,-2.35,-0.6,57
168,-0.346,-10.15,-3.77,-3.59,57
169,-0.436,-11.96,-4.45,-0.39,57
170,-0.192,-4.59,-1.66,-0.41,57
171,0.473,9.46,3.3,-0.43,57
172,-0.065,-2.29,-0.8,0.22,57
173,-0.436,-11.08,-4.16,-3.0,57
174,0.108,1.46,0.52,-0.06,57
175,-0.461,-10.1,-3.76,-2.73,57
176,0.209,4.65,1.59,4.07,57
177,0.063,0.51,0.18,1.26,57
178,0.102,1.31,0.46,-1.04,57
179,0.891,20.48,6.78,4.32,57
180,-0.068,-3.57,-1.25,-1.45,57
181,0.146,2.6,0.91,1.05,57
182,0.928,19.79,6.52,4.51,57
183,0.285,5.85,2.0,2.68,57
184,-0.24,-6.28,-2.25,-2.11,57
185,0.294,6.63,2.32,-0.16,57
186,-0.311,-9.67,-3.56,-6.04,57
187,-0.365,-10.64,-3.94,-2.51,57
188,-0.205,-5.1,-1.8,-2.04,57
189,0.692,13.81,4.7,4.54,57
190,0.44,8.58,2.97,3.15,57
191,-0.477,-11.89,-4.24,-3.1,57
192,0.406,8.59,2.91,3.27,57
193,0.125,1.98,0.69,-0.85,57
194,-0.096,-2.76,-0.95,0.78,57
195,-0.008,-1.19,-0.42,-0.57,57
196,0.973,24.43,8.12,5.27,57
197,0.01,-0.53,-0.18,1.25,57
198,-0.976,-18.73,-7.07,-5.72,57
199,-0.007,-0.98,-0.34,-0.31,57
