symbol,company,sector,first_trade_date,offer_price,day1_open,day1_close,day1_pop_vs_offer_%,close_day21_(~1m),close_day63_(~3m),last_close_in_window,last_date_in_window,ret_1m_vs_offer_%,ret_3m_vs_offer_%,ret_window_vs_offer_%,ret_window_vs_day1_close_%,max_close,min_close,max_drawdown_%,trading_days,full_6_months,data_note
WRBY,Warby Parker,Consumer,2021-09-29,,54.05,54.49,,55.35,47.04,33.57,2022-03-28,,,,-38.4,59.5,23.24,-60.9,125,yes,Direct listing: no offer price
GTLB,GitLab,Technology,2021-10-14,77.0,94.25,103.89,34.9,121.74,70.97,50.86,2022-04-13,58.1,-7.8,-33.9,-51.0,130.88,33.1,-74.7,126,yes,
PTLO,Portillo's,Consumer,2021-10-21,20.0,26.0,29.1,45.5,48.44,25.92,23.64,2022-04-20,142.2,29.6,18.2,-18.8,54.22,22.25,-59.0,125,yes,
RENT,Rent the Runway,Consumer,2021-10-27,21.0,23.0,19.29,-8.1,15.82,5.04,5.89,2022-04-26,-24.7,-76.0,-72.0,-69.5,19.29,4.73,-75.5,125,yes,Prices divided by 20 to undo the 2024 1-for-20 reverse split stored in the DB
GFS,GlobalFoundries,Semiconductors & AI hardware,2021-10-28,47.0,47.01,46.4,-1.3,67.29,44.71,51.64,2022-04-27,43.2,-4.9,9.9,11.3,78.94,44.71,-37.3,125,yes,
FLNC,Fluence Energy,Energy & Power,2021-10-28,28.0,33.5,35.0,25.0,34.37,17.56,9.1,2022-04-27,22.7,-37.3,-67.5,-74.0,37.61,8.87,-76.4,125,yes,
BIRD,Allbirds,Consumer,2021-11-03,15.0,21.42,28.89,92.6,16.07,12.16,5.56,2022-05-02,7.1,-18.9,-62.9,-80.8,28.89,5.07,-82.5,124,yes,Prices divided by 20 to undo the 2024 1-for-20 reverse split stored in the DB
ARHS,Arhaus,Consumer,2021-11-04,12.0,12.5,12.8,6.7,8.42,8.3,7.67,2022-05-03,-29.8,-30.8,-36.1,-40.1,13.58,6.3,-53.6,124,yes,
NRDS,NerdWallet,Financials & Fintech,2021-11-04,18.0,23.5,28.3,57.2,14.54,14.65,10.52,2022-05-03,-19.2,-18.6,-41.6,-62.8,28.3,9.34,-67.0,124,yes,
RIVN,Rivian,Autos & Mobility,2021-11-10,78.0,106.75,100.73,29.1,115.4,64.53,22.78,2022-05-09,47.9,-17.3,-70.8,-77.4,172.01,22.78,-86.8,124,yes,
BRZE,Braze,Technology,2021-11-17,65.0,87.2,93.39,43.7,60.97,61.87,32.73,2022-05-16,-6.2,-4.8,-49.6,-65.0,94.16,28.61,-69.6,124,yes,
SG,Sweetgreen,Consumer,2021-11-18,28.0,52.0,49.5,76.8,27.95,25.93,18.92,2022-05-17,-0.2,-7.4,-32.4,-61.8,53.0,16.61,-68.7,124,yes,
NU,Nu Holdings,Financials & Fintech,2021-12-09,9.0,11.25,10.33,14.8,9.36,7.05,4.33,2022-06-08,4.0,-21.7,-51.9,-58.1,11.85,3.33,-71.9,125,yes,
IOT,Samsara,Technology,2021-12-15,23.0,24.9,24.7,7.4,24.2,15.16,10.71,2022-06-14,5.2,-34.1,-53.4,-56.6,29.37,9.2,-68.7,125,yes,
TPG,TPG,Financials & Fintech,2022-01-13,29.0,33.0,34.0,17.2,30.99,28.56,24.92,2022-07-12,6.9,-1.5,-14.1,-26.7,34.89,23.63,-32.3,123,yes,
CRDO,Credo Technology,Semiconductors & AI hardware,2022-01-27,10.0,12.1,11.65,16.5,15.33,10.81,12.6,2022-07-26,53.3,8.1,26.0,8.2,16.9,8.8,-47.9,124,yes,
BLCO,Bausch + Lomb,Healthcare,2022-05-06,18.0,18.5,20.0,11.1,16.16,15.51,14.85,2022-11-04,-10.2,-13.8,-17.5,-25.7,20.0,13.36,-33.2,127,yes,
CRBG,Corebridge Financial,Financials & Fintech,2022-09-16,21.0,20.56,20.72,-1.3,20.02,20.34,16.39,2023-03-15,-4.7,-3.1,-22.0,-20.9,23.01,16.39,-28.8,124,yes,DB missing real first trading day (2022-09-15); day-1 figures are day 2
MBLY,Mobileye,Autos & Mobility,2022-10-26,21.0,26.71,28.97,38.0,29.31,35.97,44.82,2023-04-25,39.6,71.3,113.4,54.7,47.02,25.49,-19.5,124,yes,
NXT,Nextracker,Energy & Power,2023-02-09,24.0,30.31,30.46,26.9,31.19,33.23,41.23,2023-08-08,30.0,38.5,71.8,35.4,44.19,28.55,-18.1,124,yes,
KVUE,Kenvue,Consumer,2023-05-04,22.0,25.53,26.9,22.3,25.55,23.99,19.37,2023-11-03,16.1,9.0,-12.0,-28.0,27.5,18.21,-33.8,128,yes,
ATMU,Atmus Filtration,Industrials & Aerospace,2023-05-26,19.5,21.67,21.65,11.0,22.8,22.38,21.8,2023-11-24,16.9,14.8,11.8,0.7,24.67,18.5,-25.0,126,yes,
CAVA,Cava,Consumer,2023-06-15,22.0,42.0,43.78,99.0,47.62,36.06,40.62,2023-12-14,116.5,63.9,84.6,-7.2,57.11,29.98,-47.5,127,yes,
SVV,Savers Value Village,Consumer,2023-06-29,18.0,24.77,22.91,27.3,24.45,18.23,17.78,2023-12-28,35.8,1.3,-1.2,-22.4,26.18,11.79,-55.0,127,yes,
KGS,Kodiak Gas Services,Energy & Power,2023-06-29,16.0,15.56,15.7,-1.9,18.97,18.36,20.1,2023-12-28,18.6,14.8,25.6,28.0,20.35,15.3,-14.3,127,yes,
ODD,Oddity Tech,Consumer,2023-07-19,35.0,49.1,47.53,35.8,43.95,30.0,42.63,2024-01-18,25.6,-14.3,21.8,-10.3,55.4,25.53,-53.9,127,yes,
ARM,Arm Holdings,Semiconductors & AI hardware,2023-09-14,51.0,56.1,63.59,24.7,51.85,64.71,131.27,2024-03-13,1.7,26.9,157.4,106.4,148.97,47.87,-24.7,125,yes,
CART,Instacart,Technology,2023-09-19,30.0,42.0,33.7,12.3,24.52,24.6,37.25,2024-03-18,-18.3,-18.0,24.2,10.5,37.25,22.43,-33.4,125,yes,
KVYO,Klaviyo,Technology,2023-09-20,30.0,36.75,32.76,9.2,30.67,28.2,26.01,2024-03-19,2.2,-6.0,-13.3,-20.6,36.3,23.73,-34.6,125,yes,
BIRK,Birkenstock,Consumer,2023-10-11,46.0,41.0,40.2,-12.6,42.21,47.65,43.42,2024-04-10,-8.2,3.6,-5.6,8.0,52.0,36.38,-19.2,125,yes,
AS,Amer Sports,Consumer,2024-02-01,13.0,13.4,13.4,3.1,17.66,13.87,11.61,2024-07-31,35.8,6.7,-10.7,-13.4,17.66,10.84,-38.6,125,yes,
ALAB,Astera Labs,Semiconductors & AI hardware,2024-03-20,36.0,52.56,62.03,72.3,70.92,67.16,47.13,2024-09-19,97.0,86.6,30.9,-24.0,85.7,36.37,-57.6,127,yes,
RDDT,Reddit,Technology,2024-03-21,34.0,47.0,50.44,48.4,40.88,57.42,66.17,2024-09-20,20.2,68.9,94.6,31.2,73.85,39.17,-39.8,127,yes,
ULS,UL Solutions,Industrials & Aerospace,2024-04-12,28.0,34.23,34.94,24.8,36.68,43.79,52.49,2024-10-11,31.0,56.4,87.5,50.2,55.15,33.58,-13.7,127,yes,
IBTA,Ibotta,Technology,2024-04-19,88.0,103.25,98.0,11.4,106.19,64.64,67.19,2024-10-18,20.7,-26.5,-23.6,-31.4,109.9,42.66,-61.2,127,yes,DB missing real first trading day (2024-04-18); day-1 figures are day 2
RBRK,Rubrik,Technology,2024-04-25,32.0,38.6,37.0,15.6,32.76,34.42,38.91,2024-10-24,2.4,7.6,21.6,5.2,39.54,28.65,-24.6,127,yes,
LOAR,Loar Holdings,Industrials & Aerospace,2024-04-25,28.0,45.0,48.8,74.3,54.97,62.26,80.07,2024-10-24,96.3,122.4,186.0,64.1,81.04,46.0,-17.0,127,yes,
VIK,Viking Holdings,Consumer,2024-05-01,24.0,26.15,26.1,8.8,30.58,35.7,39.25,2024-10-31,27.4,48.8,63.5,50.4,39.69,26.1,-15.5,128,yes,
WAY,Waystar,Healthcare,2024-06-07,21.0,21.0,20.7,-1.4,20.67,27.34,30.92,2024-12-06,-1.6,30.2,47.2,49.4,31.69,20.67,-9.3,127,yes,
TEM,Tempus AI,Healthcare,2024-06-14,37.0,40.0,40.25,8.8,40.74,49.38,41.0,2024-12-13,10.1,33.5,10.8,1.9,77.62,24.96,-47.2,127,yes,
WBTN,Webtoon Entertainment,Technology,2024-06-27,21.0,21.3,23.0,9.5,21.74,11.0,13.52,2024-12-26,3.5,-47.6,-35.6,-41.2,23.85,10.31,-56.8,127,yes,
LINE,Lineage,Real Estate & Infra,2024-07-25,78.0,82.0,80.78,3.6,84.42,78.95,59.96,2025-01-24,8.2,1.2,-23.1,-25.8,88.57,54.35,-38.6,126,yes,
SARO,StandardAero,Industrials & Aerospace,2024-10-02,24.0,31.0,32.75,36.5,29.39,24.76,26.81,2025-04-01,22.5,3.2,11.7,-18.1,32.97,23.0,-30.2,124,yes,
KLC,KinderCare,Consumer,2024-10-09,24.0,27.0,26.13,8.9,27.81,18.53,11.11,2025-04-08,15.9,-22.8,-53.7,-57.5,29.41,11.01,-62.6,124,yes,
INGM,Ingram Micro,Technology,2024-10-24,22.0,25.28,24.6,11.8,21.47,22.97,16.75,2025-04-23,-2.4,4.4,-23.9,-31.9,24.67,14.61,-40.8,123,yes,
WRD,WeRide,Autos & Mobility,2024-10-25,15.5,15.5,16.55,6.8,19.86,14.54,7.09,2025-04-24,28.2,-6.2,-54.3,-57.2,40.4,7.09,-82.5,123,yes,
PONY,Pony AI,Autos & Mobility,2024-11-27,13.0,15.0,12.0,-7.7,13.72,15.05,17.41,2025-05-23,5.5,15.8,33.9,45.1,23.61,4.16,-82.4,121,yes,
TTAN,ServiceTitan,Technology,2024-12-12,71.0,101.0,101.0,42.3,96.23,98.0,103.46,2025-06-11,35.5,38.0,45.7,2.4,129.37,82.34,-24.0,123,yes,
VG,Venture Global,Energy & Power,2025-01-24,25.0,24.0,24.0,-4.0,15.18,8.71,14.76,2025-07-23,-39.3,-65.2,-41.0,-38.5,24.0,7.0,-70.8,124,yes,
SFD,Smithfield Foods,Consumer,2025-01-28,20.0,21.05,19.75,-1.2,20.6,19.91,23.89,2025-07-25,3.0,-0.5,19.4,21.0,24.45,18.61,-14.7,124,yes,
SAIL,SailPoint,Technology,2025-02-13,23.0,23.0,22.0,-4.3,18.7,18.99,18.95,2025-08-12,-18.7,-17.4,-17.6,-13.9,25.7,15.65,-39.1,124,yes,
CRWV,CoreWeave,Technology,2025-03-28,40.0,39.0,40.0,0.0,42.02,159.99,120.34,2025-09-26,5.1,300.0,200.8,200.8,183.58,35.42,-52.3,126,yes,
ETOR,eToro,Financials & Fintech,2025-05-14,52.0,69.69,67.0,28.8,64.17,48.0,39.26,2025-11-13,23.4,-7.7,-24.5,-41.4,75.97,33.47,-55.9,128,yes,Dropped bogus 2025-05-13 stub bar (zero volume at offer price)
HNGE,Hinge Health,Healthcare,2025-05-22,32.0,39.5,37.56,17.4,43.69,56.0,45.99,2025-11-21,36.5,75.0,43.7,22.4,60.55,34.85,-32.9,128,yes,
CRCL,Circle Internet,Financials & Fintech,2025-06-05,31.0,69.0,83.23,168.5,207.46,117.49,87.46,2025-12-04,569.2,279.0,182.1,5.1,263.45,66.93,-74.6,127,yes,
OMDA,Omada Health,Healthcare,2025-06-06,19.0,23.0,23.0,21.1,17.48,24.28,17.49,2025-12-05,-8.0,27.8,-7.9,-24.0,26.78,14.85,-39.8,127,yes,
VOYG,Voyager Technologies,Industrials & Aerospace,2025-06-11,31.0,69.75,56.48,82.2,41.82,28.38,27.41,2025-12-10,34.9,-8.5,-11.6,-51.5,56.48,17.99,-68.1,127,yes,
CHYM,Chime,Financials & Fintech,2025-06-12,27.0,43.0,37.11,37.4,30.15,23.94,27.49,2025-12-11,11.7,-11.3,1.8,-25.9,37.11,17.05,-54.1,127,yes,
CAI,Caris Life Sciences,Healthcare,2025-06-18,21.0,27.0,28.0,33.3,30.19,33.53,27.19,2025-12-17,43.8,59.7,29.5,-2.9,39.3,23.71,-39.7,127,yes,
FIG,Figma,Technology,2025-07-31,33.0,85.0,115.5,250.0,71.26,51.89,25.92,2026-01-30,115.9,57.2,-21.5,-77.6,122.0,25.92,-78.8,127,yes,
FLY,Firefly Aerospace,Industrials & Aerospace,2025-08-07,45.0,70.0,60.35,34.1,42.63,22.85,23.88,2026-02-06,-5.3,-49.2,-46.9,-60.4,60.35,16.78,-72.2,127,yes,
BLSH,Bullish,Financials & Fintech,2025-08-13,37.0,95.69,68.0,83.8,53.99,46.59,31.71,2026-02-12,45.9,25.9,-14.3,-53.4,74.63,24.9,-66.6,127,yes,
KLAR,Klarna,Financials & Fintech,2025-09-11,40.0,45.5,42.74,6.9,41.3,30.69,15.3,2026-03-10,3.2,-23.3,-61.7,-64.2,45.48,12.82,-71.8,124,yes,DB missing real first trading day (2025-09-10); day-1 figures are day 2
FIGR,Figure Technology,Financials & Fintech,2025-09-11,25.0,36.0,31.11,24.4,48.03,40.57,39.59,2026-03-10,92.1,62.3,58.4,27.3,73.91,25.28,-65.8,124,yes,
GEMI,Gemini,Financials & Fintech,2025-09-12,28.0,37.01,32.0,14.3,23.3,11.36,8.64,2026-03-11,-16.8,-59.4,-69.1,-73.0,32.52,5.82,-82.1,124,yes,
STUB,StubHub,Consumer,2025-09-17,23.5,27.89,22.0,-6.4,19.25,14.06,7.46,2026-03-16,-18.1,-40.2,-68.3,-66.1,22.0,7.46,-66.1,124,yes,
NTSK,Netskope,Technology,2025-09-18,19.0,23.0,22.49,18.4,22.81,20.04,9.47,2026-03-17,20.1,5.5,-50.2,-57.9,25.79,9.26,-64.1,124,yes,
FRMI,Fermi,Real Estate & Infra,2025-10-01,21.0,25.13,32.53,54.9,28.71,8.09,5.84,2026-03-31,36.7,-61.5,-72.2,-82.0,32.53,5.36,-83.5,125,yes,
NAVN,Navan,Technology,2025-10-30,25.0,22.0,20.0,-20.0,16.69,11.48,17.13,2026-04-29,-33.2,-54.1,-31.5,-14.4,20.27,8.51,-58.0,124,yes,
BETA,Beta Technologies,Industrials & Aerospace,2025-11-04,34.0,34.0,36.0,5.9,29.5,18.02,16.25,2026-05-01,-13.2,-47.0,-52.2,-54.9,36.8,13.59,-63.1,123,yes,
MDLN,Medline,Healthcare,2025-12-17,29.0,35.0,41.0,41.4,44.12,43.59,37.09,2026-06-16,52.1,50.3,27.9,-9.5,49.99,33.19,-33.6,124,yes,
BTGO,BitGo,Financials & Fintech,2026-01-22,18.0,22.43,18.49,2.7,10.51,11.69,5.65,2026-07-21,-41.6,-35.1,-68.6,-69.4,18.49,4.71,-74.5,124,yes,"Dropped bogus 2026-01-21 stub bar (419k volume, pre-debut)"
EQPT,EquipmentShare,Industrials & Aerospace,2026-01-23,24.5,28.5,32.56,32.9,29.25,24.53,17.34,2026-07-22,19.4,0.1,-29.2,-46.7,34.63,16.0,-53.8,124,yes,
YSS,York Space Systems,Industrials & Aerospace,2026-01-29,34.0,38.1,33.61,-1.1,25.6,29.24,17.81,2026-07-28,-24.7,-14.0,-47.6,-47.0,43.45,17.06,-60.7,124,yes,
BOBS,Bob's Discount Furniture,Consumer,2026-02-05,17.0,16.76,17.02,0.1,17.3,9.85,16.67,2026-07-31,1.8,-42.1,-1.9,-2.1,22.53,9.85,-56.3,122,no (data ends 2026-07-31),
FPS,Forgent Power Solutions,Industrials & Aerospace,2026-02-05,27.0,26.0,29.0,7.4,31.65,42.68,33.27,2026-07-31,17.2,58.1,23.2,14.7,64.59,27.97,-54.7,122,no (data ends 2026-07-31),
MWH,SOLV Energy,Energy & Power,2026-02-12,25.0,30.54,30.91,23.6,27.86,46.77,28.43,2026-07-31,11.4,87.1,13.7,-8.0,46.77,23.86,-49.0,117,no (data ends 2026-07-31),
MMED,MiniMed,Healthcare,2026-03-06,20.0,19.05,18.49,-7.6,13.23,14.06,18.05,2026-07-31,-33.9,-29.7,-9.8,-2.4,18.49,10.8,-41.6,102,no (data ends 2026-07-31),
PAYP,PayPay,Financials & Fintech,2026-03-12,16.0,19.0,18.16,13.5,20.1,13.45,15.13,2026-07-31,25.6,-15.9,-5.4,-16.7,24.56,12.37,-49.6,98,no (data ends 2026-07-31),
ARXS,Arxis,Industrials & Aerospace,2026-04-16,28.0,38.0,38.75,38.4,36.1,40.21,54.3,2026-07-31,28.9,43.6,93.9,40.1,54.3,34.05,-15.8,74,no (data ends 2026-07-31),
MAIR,Madison Air Solutions,Industrials & Aerospace,2026-04-16,27.0,32.0,31.75,17.6,42.51,34.18,29.06,2026-07-31,57.4,26.6,7.6,-8.5,43.86,29.06,-33.7,74,no (data ends 2026-07-31),
XE,X-Energy,Energy & Power,2026-04-24,23.0,30.11,29.2,27.0,28.32,14.56,16.31,2026-07-31,23.1,-36.7,-29.1,-44.1,35.98,13.83,-61.6,68,no (data ends 2026-07-31),
PSUS,Pershing Square USA (fund),Financials & Fintech,2026-04-29,50.0,42.0,40.9,-18.2,40.22,35.85,37.5,2026-07-31,-19.6,-28.3,-25.0,-8.3,42.98,35.85,-16.6,65,no (data ends 2026-07-31),
PS,Pershing Square Inc,Financials & Fintech,2026-04-29,,24.0,24.2,,38.61,32.89,33.28,2026-07-31,,,,37.5,52.09,24.2,-43.1,65,no (data ends 2026-07-31),Offer price not comparable ($50 was the PSUS fund price)
HAWK,HawkEye 360,Industrials & Aerospace,2026-05-07,26.0,33.8,34.0,30.8,25.19,,21.2,2026-07-31,-3.1,,-18.5,-37.6,34.66,17.44,-49.7,59,no (data ends 2026-07-31),
FRVO,Fervo Energy,Energy & Power,2026-05-13,27.0,36.0,36.54,35.3,34.64,,22.54,2026-07-31,28.3,,-16.5,-38.3,42.5,17.08,-59.8,55,no (data ends 2026-07-31),
BXDC,Blackstone Digital Infrastructure Trust,Real Estate & Infra,2026-05-14,20.0,20.0,19.81,-1.0,21.77,,20.81,2026-07-31,8.9,,4.0,5.0,22.34,19.64,-12.1,54,no (data ends 2026-07-31),
CBRS,Cerebras Systems,Semiconductors & AI hardware,2026-05-14,185.0,350.0,311.07,68.1,214.0,,198.71,2026-07-31,15.7,,7.4,-36.1,311.07,168.52,-45.8,54,no (data ends 2026-07-31),
PWRL,Powerlaw,Financials & Fintech,2026-05-27,35.0,35.0,27.68,-20.9,14.01,,11.94,2026-07-31,-60.0,,-65.9,-56.9,28.85,11.25,-61.0,46,no (data ends 2026-07-31),
QNT,Quantinuum,Technology,2026-06-04,60.0,68.0,60.38,0.6,83.17,,51.41,2026-07-31,38.6,,-14.3,-14.9,83.17,47.34,-43.1,40,no (data ends 2026-07-31),
INIO,INNIO,Industrials & Aerospace,2026-06-08,27.0,32.85,33.72,24.9,33.54,,24.42,2026-07-31,24.2,,-9.6,-27.6,41.13,21.77,-47.1,38,no (data ends 2026-07-31),DB missing first two trading days (2026-06-04/05); day-1 figures are day 3
SPCX,SpaceX,Industrials & Aerospace,2026-06-12,135.0,150.0,160.95,19.2,136.08,,108.37,2026-07-31,0.8,,-19.7,-32.7,211.39,108.37,-48.7,34,no (data ends 2026-07-31),
DPC,Doncasters,Industrials & Aerospace,2026-06-25,33.0,44.0,46.88,42.1,49.91,,45.6,2026-07-31,51.2,,38.2,-2.7,51.76,44.23,-14.5,26,no (data ends 2026-07-31),
BSP,Bending Spoons,Technology,2026-07-01,29.0,31.0,40.5,39.7,34.74,,35.2,2026-07-31,19.8,,21.4,-13.1,40.5,31.78,-21.5,22,no (data ends 2026-07-31),
LIME,Lime (Neutron Holdings),Autos & Mobility,2026-07-01,25.0,27.0,26.0,4.0,27.6,,29.54,2026-07-31,10.4,,18.2,13.6,29.54,24.16,-7.1,22,no (data ends 2026-07-31),
SKHY,SK hynix (ADR),Semiconductors & AI hardware,2026-07-10,149.0,170.0,168.01,12.8,,,143.73,2026-07-31,,,-3.5,-14.5,193.92,126.79,-34.6,16,no (data ends 2026-07-31),
CSQR,Csquare,Real Estate & Infra,2026-07-16,21.0,20.9,20.67,-1.6,,,19.96,2026-07-31,,,-5.0,-3.4,22.77,19.96,-12.3,12,no (data ends 2026-07-31),
JMKE,Jersey Mike's,Consumer,2026-07-30,23.0,21.72,21.63,-6.0,,,23.0,2026-07-31,,,0.0,6.3,23.0,21.63,0.0,2,no (data ends 2026-07-31),
