,sector,year,days,pop,offer_to_open,open_to_close,ex_2_21,ex_22_63,ex_64_121,ex_6m,vs_offer_6m,abs_move_wk1,abs_move_after,ann_vol,pct_days_gt5,hl_range,beta,corr,max_dd,peak_day,trough_day,ever_below_offer,vol_day1_mult,ex_6m_yr_adj
ALAB,Semiconductors & AI hardware,2024,121,0.7231,0.46,0.1802,0.1836,-0.1511,-0.3859,-0.3886,0.1658,0.0627,0.0294,0.8688,0.2417,0.0646,2.4038,0.373,-0.5756,28.0,97.0,0.0,5.1561,-0.2653
ARHS,Consumer,2021,121,0.0667,0.0417,0.024,-0.3133,0.0008,-0.0652,-0.3374,-0.3825,0.0345,0.0326,0.8409,0.2833,0.0763,1.6758,0.396,-0.5361,39.0,89.0,1.0,12.4768,0.149
ARM,Semiconductors & AI hardware,2023,121,0.2469,0.1,0.1335,-0.1475,0.1778,1.0674,1.0719,1.7618,0.045,0.0252,1.0215,0.1833,0.0483,2.7105,0.3256,-0.2472,104.0,27.0,1.0,10.0055,1.1855
ARXS,Industrials & Aerospace,2026,74,0.3839,0.3571,0.0197,-0.1347,0.1104,,,,0.0143,0.0179,0.7391,0.1781,0.0512,1.9402,0.3473,,,,,13.9412,
AS,Consumer,2024,121,0.0308,0.0308,0.0,0.2696,-0.1902,-0.2931,-0.2901,-0.1646,0.0299,0.0167,0.4976,0.1167,0.0363,1.3265,0.2974,-0.3862,21.0,120.0,1.0,9.289,-0.1668
ATMU,Industrials & Aerospace,2023,121,0.1103,0.1113,-0.0009,0.0147,-0.0271,-0.0908,-0.108,0.0703,0.0331,0.0137,0.3494,0.025,0.0367,1.0763,0.3746,-0.2501,39.0,110.0,1.0,9.8176,0.0056
BETA,Industrials & Aerospace,2025,121,0.0588,0.0,0.0588,-0.1934,-0.3925,-0.2296,-0.6497,-0.5721,0.0497,0.0354,0.794,0.3417,0.0744,3.0743,0.5209,-0.6307,2.0,100.0,1.0,11.0443,-0.124
BIRD,Consumer,2021,121,0.926,0.428,0.3487,-0.428,-0.2432,-0.4954,-0.7224,-0.662,0.0791,0.0344,1.0017,0.4083,0.0866,1.9102,0.3723,-0.8245,1.0,121.0,1.0,12.2742,-0.2361
BIRK,Consumer,2023,121,-0.1261,-0.1087,-0.0195,0.0479,0.039,-0.1954,-0.1314,-0.0872,0.0391,0.0155,0.4363,0.075,0.0375,1.0522,0.2807,-0.1925,93.0,3.0,1.0,10.0018,-0.0178
BLCO,Healthcare,2022,121,0.1111,0.0278,0.0811,-0.1931,-0.0443,0.0139,-0.2003,-0.1961,0.0563,0.0219,0.5219,0.1083,0.0483,0.984,0.4766,-0.332,1.0,26.0,1.0,12.0715,-0.0889
BLSH,Financials & Fintech,2025,121,0.8378,1.5862,-0.2894,-0.2258,-0.1733,-0.4232,-0.664,-0.2649,0.0785,0.0299,0.8123,0.2917,0.0587,2.5055,0.3374,-0.6355,2.0,121.0,1.0,9.3779,-0.1384
BOBS,Consumer,2026,121,0.0012,-0.0141,0.0155,0.0242,-0.522,0.6563,-0.1298,-0.0341,0.0411,0.0311,0.822,0.2667,0.0662,1.8015,0.3174,-0.5628,13.0,63.0,1.0,13.7448,0.4095
BRZE,Technology,2021,121,0.4368,0.3415,0.071,-0.3435,0.0573,-0.417,-0.5326,-0.5598,0.1008,0.0361,0.9441,0.3667,0.0872,2.1522,0.5057,-0.6962,3.0,121.0,1.0,12.1453,-0.0463
BSP,Technology,2026,22,0.3966,0.069,0.3065,-0.1368,,,,,0.0443,,0.6123,0.1429,0.0717,,,,,,,6.5581,
BTGO,Financials & Fintech,2026,121,0.0272,0.2461,-0.1757,-0.4322,0.0807,-0.6381,-0.8257,-0.7289,0.0665,0.0356,1.0486,0.4,0.0785,3.5678,0.4799,-0.7453,1.0,94.0,1.0,10.9537,-0.2863
BXDC,Real Estate & Infra,2026,54,-0.0095,0.0,-0.0095,0.1075,,,,,0.0281,0.015,0.3719,0.0377,0.0365,0.3937,0.1493,,,,,7.9688,
CAI,Healthcare,2025,121,0.3333,0.2857,0.037,0.0278,0.0603,-0.2265,-0.1736,0.2929,0.047,0.0207,0.5936,0.1583,0.0543,0.9775,0.1791,-0.3967,46.0,106.0,0.0,15.1132,0.352
CART,Technology,2023,121,0.1233,0.4,-0.1976,-0.2573,-0.0731,0.3424,-0.1136,0.1837,0.0197,0.0225,0.5693,0.1167,0.0485,1.5971,0.3407,-0.3344,121.0,76.0,1.0,10.9185,0.0
CAVA,Consumer,2023,121,0.99,0.9091,0.0424,0.0691,-0.2417,-0.0012,-0.1967,0.6532,0.0144,0.0214,0.6528,0.175,0.0565,2.1911,0.3946,-0.475,31.0,76.0,0.0,7.2192,-0.0831
CBRS,Semiconductors & AI hardware,2026,54,0.6815,0.8919,-0.1112,-0.3035,,,,,0.0516,0.0486,1.3433,0.5283,0.1022,2.7796,0.2918,,,,,4.643,
CHYM,Financials & Fintech,2025,121,0.3744,0.5926,-0.137,-0.2224,-0.2585,-0.0988,-0.5256,-0.1656,0.0633,0.0262,0.6618,0.225,0.0532,2.5938,0.4374,-0.5406,1.0,98.0,1.0,8.6425,0.0
CRBG,Financials & Fintech,2022,121,,,,0.0387,-0.1008,-0.0877,-0.1385,-0.149,0.0164,0.0115,0.3296,0.025,0.0294,1.0722,0.7157,-0.2234,31.0,121.0,1.0,1.8303,-0.0271
CRCL,Financials & Fintech,2025,121,1.6848,1.2258,0.2062,1.446,-0.4795,-0.4432,-0.2959,1.2616,0.0938,0.0365,1.2834,0.425,0.0758,2.7105,0.2365,-0.7459,12.0,118.0,0.0,1.0725,0.2298
CRDO,Semiconductors & AI hardware,2022,121,0.165,0.21,-0.0372,0.3008,-0.2481,0.1497,0.101,0.195,0.0515,0.0306,0.7636,0.2333,0.0631,1.4541,0.4909,-0.4793,22.0,73.0,1.0,8.3754,0.2124
CRWV,Technology,2025,121,0.0,-0.025,0.0256,0.0592,2.6912,-0.2989,1.9271,2.1215,0.1452,0.049,1.4056,0.5167,0.0816,2.0219,0.3439,-0.5235,58.0,16.0,1.0,2.9617,2.4527
CSQR,Real Estate & Infra,2026,12,-0.0157,-0.0048,-0.011,,,,,,0.0261,,,,0.056,,,,,,,4.9258,
DPC,Industrials & Aerospace,2026,26,0.4206,0.3333,0.0655,0.0583,,,,,0.0416,,0.601,0.2,0.0817,,,,,,,10.5614,
EQPT,Industrials & Aerospace,2026,121,0.329,0.1633,0.1425,-0.0917,-0.1996,-0.3718,-0.5681,-0.3218,0.0805,0.0358,0.8492,0.375,0.0743,1.626,0.2717,-0.538,4.0,115.0,1.0,10.92,-0.0288
ETOR,Financials & Fintech,2025,121,0.2885,0.3402,-0.0386,-0.0697,-0.3201,-0.3296,-0.6351,-0.3377,0.0269,0.0218,0.5673,0.1583,0.0504,1.7284,0.3262,-0.5467,18.0,121.0,1.0,7.1771,-0.1095
FIG,Technology,2025,121,2.5,1.5758,0.3588,-0.4097,-0.3306,-0.4551,-0.844,-0.1388,0.1248,0.0243,0.8865,0.2917,0.0555,1.8459,0.239,-0.7781,2.0,120.0,1.0,4.9949,-0.3183
FIGR,Financials & Fintech,2025,121,0.2444,0.44,-0.1358,0.5233,-0.173,-0.221,-0.0235,0.26,0.0831,0.0417,1.1451,0.4,0.0811,3.6352,0.3684,-0.658,89.0,117.0,0.0,7.6283,0.5022
FLNC,Energy & Power,2021,121,0.25,0.1964,0.0448,-0.0194,-0.4287,-0.4816,-0.6878,-0.665,0.0275,0.0423,0.9063,0.375,0.0801,2.781,0.5735,-0.7506,13.0,121.0,1.0,15.4918,-0.2015
FLY,Industrials & Aerospace,2025,121,0.3411,0.5556,-0.1379,-0.3173,-0.5073,0.1577,-0.6488,-0.398,0.0545,0.0391,1.0957,0.3833,0.0739,2.6977,0.2698,-0.722,1.0,76.0,1.0,20.4981,-0.1232
FPS,Industrials & Aerospace,2026,121,0.0741,-0.037,0.1154,0.0991,0.2571,-0.231,0.053,0.2326,0.0717,0.0353,0.8505,0.325,0.0691,3.2927,0.5607,-0.5471,83.0,37.0,0.0,10.0591,0.5924
FRMI,Real Estate & Infra,2025,121,0.549,0.1967,0.2945,-0.1458,-0.7177,-0.1328,-0.7779,-0.6829,0.0739,0.0466,1.2581,0.475,0.0953,2.9272,0.2919,-0.7953,1.0,121.0,1.0,6.0537,-0.2522
FRVO,Energy & Power,2026,55,0.3533,0.3333,0.015,-0.0459,,,,,0.0592,0.0373,1.2364,0.4259,0.0805,3.1925,0.3634,,,,,8.8968,
GEMI,Financials & Fintech,2025,121,0.1429,0.3218,-0.1354,-0.2652,-0.5654,-0.1909,-0.7434,-0.6807,0.0721,0.0352,1.1277,0.3417,0.0707,3.4262,0.3575,-0.821,2.0,111.0,1.0,6.6954,-0.2178
GFS,Semiconductors & AI hardware,2021,121,-0.0128,0.0002,-0.013,0.4488,-0.2751,0.1481,0.1658,0.1072,0.0489,0.0263,0.6922,0.225,0.0652,2.2045,0.5953,-0.3662,103.0,63.0,1.0,6.4194,0.6521
GTLB,Technology,2021,121,0.3492,0.224,0.1023,0.1237,-0.4327,-0.1936,-0.4937,-0.3047,0.0516,0.0383,1.0324,0.4,0.0881,2.6378,0.4657,-0.7471,18.0,104.0,1.0,9.1633,-0.0074
HAWK,Industrials & Aerospace,2026,59,0.3077,0.3,0.0059,-0.2673,,,,,0.0258,0.0453,0.8357,0.3966,0.0738,1.7326,0.2846,,,,,8.8657,
HNGE,Healthcare,2025,121,0.1738,0.2344,-0.0491,0.1339,0.2228,-0.3194,-0.045,0.3228,0.047,0.0213,0.7312,0.175,0.0541,1.7001,0.2482,-0.3009,52.0,16.0,0.0,10.4783,0.4806
IBTA,Technology,2024,121,,,,0.0143,-0.4282,-0.0145,-0.4809,-0.2398,0.039,0.0198,0.7354,0.1917,0.0464,1.4455,0.2599,-0.6118,3.0,81.0,1.0,5.5908,-0.3575
INGM,Technology,2024,121,0.1182,0.1491,-0.0269,-0.1521,0.0603,-0.166,-0.2416,-0.2782,0.0077,0.0179,0.4534,0.075,0.0356,1.1433,0.6358,-0.4078,70.0,113.0,1.0,23.4507,-0.1183
INIO,Industrials & Aerospace,2026,38,,,,-0.0137,,,,,0.0455,,0.9306,0.3514,0.0841,,,,,,,0.9456,
IOT,Technology,2021,121,0.0739,0.0826,-0.008,-0.0073,-0.3113,-0.1775,-0.4034,-0.4948,0.0621,0.0491,0.9736,0.5,0.094,2.4779,0.5958,-0.6868,8.0,102.0,1.0,8.5706,0.0829
JMKE,Consumer,2026,2,-0.0596,-0.0557,-0.0041,,,,,,0.0633,,,,0.0656,,,,,,,3.1717,
KGS,Energy & Power,2023,121,-0.0188,-0.0275,0.009,0.1653,0.0354,-0.0453,0.1665,0.2269,0.0361,0.0122,0.2909,0.0,0.0254,0.2352,0.0953,-0.1432,121.0,4.0,1.0,8.2429,0.2801
KLAR,Financials & Fintech,2025,121,,,,-0.0543,-0.2746,-0.5566,-0.7194,-0.6618,0.0028,0.0231,0.6894,0.1917,0.052,2.8094,0.4729,-0.7181,3.0,113.0,1.0,3.2315,-0.1938
KLC,Consumer,2024,121,0.0887,0.125,-0.0322,0.0402,-0.3311,-0.3066,-0.5017,-0.5338,0.0178,0.02,0.6517,0.1667,0.0454,1.6157,0.3994,-0.6195,16.0,121.0,1.0,13.0504,-0.3783
KVUE,Consumer,2023,121,0.2227,0.1605,0.0537,-0.1064,-0.1099,-0.1079,-0.2972,-0.1032,0.0049,0.0089,0.2487,0.0083,0.0241,0.4162,0.1965,-0.2975,8.0,112.0,1.0,15.7528,-0.1836
KVYO,Technology,2023,121,0.092,0.225,-0.1086,-0.0446,-0.1776,-0.2166,-0.4217,-0.176,0.0226,0.0215,0.5683,0.125,0.057,2.1385,0.4535,-0.3248,7.0,83.0,1.0,13.8348,-0.3081
LIME,Autos & Mobility,2026,22,0.04,0.08,-0.037,0.067,,,,,0.036,,0.5139,0.1429,0.0548,,,,,,,12.15,
LINE,Real Estate & Infra,2024,121,0.0356,0.0513,-0.0149,0.012,-0.1135,-0.2871,-0.3882,-0.264,0.0196,0.0092,0.2651,0.0167,0.025,0.429,0.2313,-0.3864,11.0,120.0,1.0,5.3849,-0.2648
LOAR,Industrials & Aerospace,2024,121,0.7429,0.6071,0.0844,0.0818,0.1089,0.1498,0.4144,1.7379,0.0341,0.025,0.6454,0.1667,0.0513,2.1721,0.4439,-0.1703,98.0,12.0,0.0,17.8031,0.5377
MAIR,Industrials & Aerospace,2026,74,0.1759,0.1852,-0.0078,0.2726,-0.1994,,,,0.0234,0.0193,0.5606,0.1644,0.0476,1.5,0.354,,,,,9.5833,
MBLY,Autos & Mobility,2022,121,0.3795,0.2719,0.0846,-0.0417,0.2214,0.2206,0.4593,1.121,0.0206,0.0281,0.6067,0.2083,0.0607,1.5386,0.4835,-0.1946,77.0,6.0,0.0,14.4326,0.5707
MDLN,Healthcare,2025,121,0.4138,0.2069,0.1714,0.0459,0.0341,-0.2664,-0.1932,0.2803,0.0355,0.0158,0.4287,0.0667,0.0388,0.4763,0.1521,-0.3361,46.0,114.0,0.0,9.9511,0.3324
MMED,Healthcare,2026,102,-0.0755,-0.0475,-0.0294,-0.2645,-0.0862,,,,0.0224,0.0228,0.6039,0.1683,0.058,0.8144,0.1982,,,,,8.1616,
MWH,Energy & Power,2026,117,0.2364,0.2216,0.0121,-0.0708,0.5579,,,,0.0244,0.0283,0.6675,0.2328,0.0588,2.0398,0.4366,,,,,2.4575,
NAVN,Technology,2025,121,-0.2,-0.12,-0.0909,-0.1707,-0.3247,0.3271,-0.2702,-0.376,0.0797,0.0348,1.0276,0.3333,0.0699,1.1201,0.1478,-0.5803,2.0,99.0,1.0,9.4609,0.2554
NRDS,Financials & Fintech,2021,121,0.5722,0.3056,0.2043,-0.4573,0.0226,-0.2917,-0.5714,-0.4578,0.063,0.0318,0.7814,0.3,0.071,1.6189,0.4117,-0.67,1.0,117.0,1.0,21.2572,-0.0851
NTSK,Technology,2025,121,0.1837,0.2105,-0.0222,0.0167,-0.149,-0.5046,-0.5811,-0.4974,0.0548,0.028,0.7887,0.2833,0.058,2.7795,0.4229,-0.6409,3.0,108.0,1.0,9.7512,-0.0555
NU,Financials & Fintech,2021,121,0.1478,0.25,-0.0818,-0.0933,-0.1597,-0.3512,-0.4652,-0.5067,0.085,0.0427,1.0985,0.4333,0.0784,2.3637,0.5038,-0.719,2.0,115.0,1.0,7.6918,0.0211
NXT,Energy & Power,2023,121,0.2692,0.2629,0.0049,0.076,-0.0044,0.1509,0.2481,0.7142,0.0189,0.02,0.5141,0.075,0.0542,1.1925,0.3045,-0.1815,116.0,27.0,0.0,10.9209,0.3617
ODD,Consumer,2023,121,0.358,0.4029,-0.032,-0.0411,-0.3092,0.3956,-0.1054,0.2706,0.0516,0.0273,0.7328,0.3,0.063,2.2253,0.3639,-0.5392,12.0,72.0,1.0,8.1295,0.0082
OMDA,Healthcare,2025,121,0.2105,0.2105,0.0,-0.2754,0.3457,-0.3005,-0.3431,-0.0421,0.1347,0.0193,0.6728,0.15,0.0561,1.1274,0.1868,-0.3543,100.0,11.0,1.0,10.5978,0.1825
PAYP,Financials & Fintech,2026,98,0.135,0.1875,-0.0442,0.0867,-0.3985,,,,0.0759,0.0262,0.858,0.2887,0.0553,1.8158,0.3112,,,,,3.7353,
PONY,Autos & Mobility,2024,121,-0.0769,0.1538,-0.2,0.1497,0.1158,0.1648,0.4838,0.3392,0.0357,0.0582,1.7342,0.525,0.09,1.6545,0.2481,-0.8238,57.0,98.0,1.0,7.4747,0.6071
PS,Financials & Fintech,2026,65,,,0.0083,0.535,-0.1148,,,,0.1283,0.0259,1.1854,0.3125,0.077,2.5098,0.2878,,,,,3.8492,
PTLO,Consumer,2021,121,0.455,0.3,0.1192,0.629,-0.416,-0.1227,-0.2028,0.127,0.0812,0.0269,0.8952,0.3083,0.0729,1.8578,0.3821,-0.5893,20.0,120.0,0.0,7.2653,0.2835
PWRL,Financials & Fintech,2026,46,-0.2091,0.0,-0.2091,-0.4723,,,,,0.0829,0.0232,1.0423,0.3778,0.0831,3.0927,0.4346,,,,,2.7005,
QNT,Technology,2026,40,0.0063,0.1333,-0.1121,0.3851,,,,,0.0618,,1.0783,0.4872,0.107,,,,,,,6.8149,
RBRK,Technology,2024,121,0.1562,0.2062,-0.0415,-0.1592,0.027,0.0478,-0.106,0.2147,0.053,0.0206,0.5784,0.175,0.0468,1.8245,0.4161,-0.2461,118.0,40.0,1.0,12.3868,0.0174
RDDT,Technology,2024,121,0.4835,0.3824,0.0732,-0.1378,0.2999,0.0164,0.1116,0.7538,0.1009,0.0299,0.8622,0.275,0.0646,2.0316,0.3186,-0.3984,78.0,19.0,0.0,5.7442,0.2349
RENT,Consumer,2021,121,-0.0814,0.0952,-0.1613,-0.214,-0.6046,0.1147,-0.6816,-0.7262,0.0365,0.0406,0.9489,0.375,0.0906,2.0648,0.4052,-0.7548,1.0,60.0,1.0,9.4593,-0.1953
RIVN,Autos & Mobility,2021,121,0.2914,0.3686,-0.0564,0.1397,-0.4219,-0.4121,-0.5887,-0.5651,0.1505,0.0495,1.0824,0.5,0.0895,2.6722,0.5196,-0.8242,5.0,118.0,1.0,3.0017,-0.1024
SAIL,Technology,2025,121,-0.0435,0.0,-0.0435,-0.073,-0.0285,-0.0212,-0.1265,-0.1291,0.0419,0.021,0.6104,0.1417,0.0457,1.4001,0.5856,-0.3911,3.0,46.0,1.0,16.058,0.3991
SARO,Industrials & Aerospace,2024,121,0.3646,0.2917,0.0565,-0.1222,-0.168,0.1649,-0.1407,0.1683,0.0105,0.0112,0.3686,0.0417,0.0325,0.537,0.2085,-0.3024,2.0,67.0,1.0,14.8428,-0.0174
SFD,Consumer,2025,121,-0.0125,0.0525,-0.0618,0.0595,0.04,0.0477,0.1587,0.184,0.0262,0.0115,0.3345,0.0417,0.0263,0.5187,0.3943,-0.1471,109.0,29.0,1.0,12.3016,0.6843
SG,Consumer,2021,121,0.7679,0.8571,-0.0481,-0.4144,-0.0227,-0.2174,-0.4789,-0.37,0.0917,0.0355,1.1156,0.4167,0.0989,2.2251,0.4422,-0.6672,2.0,121.0,1.0,7.7583,0.0074
SPCX,Industrials & Aerospace,2026,34,0.1922,0.1111,0.073,-0.1681,,,,,0.0954,,0.9731,0.2727,0.0651,,,,,,,4.3363,
STUB,Consumer,2025,121,-0.0638,0.1868,-0.2112,-0.1341,-0.293,-0.4544,-0.6815,-0.6774,0.074,0.0372,0.9022,0.375,0.0714,2.1611,0.2829,-0.6555,1.0,121.0,1.0,6.6832,-0.1558
SVV,Consumer,2023,121,0.2728,0.3761,-0.0751,0.0243,-0.1868,-0.2533,-0.3985,-0.1278,0.0278,0.0249,0.5485,0.1333,0.0471,1.3401,0.2881,-0.5497,39.0,96.0,1.0,16.5139,-0.2849
TEM,Healthcare,2024,121,0.0878,0.0811,0.0063,-0.0285,0.2171,-0.0029,0.2031,0.4368,0.0974,0.0477,1.283,0.5167,0.0959,3.0969,0.3264,-0.3936,104.0,7.0,1.0,3.815,0.3264
TPG,Financials & Fintech,2022,121,0.1724,0.1379,0.0303,-0.0367,-0.0849,-0.0133,-0.1114,-0.1497,0.0183,0.0238,0.4978,0.1167,0.0465,1.3773,0.7063,-0.3227,14.0,107.0,1.0,12.1121,0.0
TTAN,Technology,2024,121,0.4225,0.4225,0.0,-0.0106,0.0442,0.0058,0.0393,0.4675,0.0236,0.0185,0.5011,0.0917,0.0448,0.9219,0.482,-0.2403,107.0,61.0,0.0,11.4991,0.1626
ULS,Industrials & Aerospace,2024,121,0.2479,0.2225,0.0207,0.0302,0.1187,0.1246,0.3155,0.7807,0.0085,0.0104,0.3064,0.025,0.0275,0.6414,0.278,-0.1369,97.0,5.0,0.0,17.7315,0.4388
VG,Energy & Power,2025,121,-0.04,-0.04,0.0,-0.3498,-0.3416,0.6775,-0.3698,-0.364,0.0125,0.033,1.0298,0.325,0.0737,1.7707,0.4391,-0.7083,1.0,51.0,1.0,0.0,0.1559
VIK,Consumer,2024,121,0.0875,0.0896,-0.0019,0.1272,0.1135,0.0502,0.3514,0.65,0.0221,0.0141,0.3884,0.05,0.0331,1.3433,0.4459,-0.1546,121.0,1.0,0.0,14.3379,0.4748
VOYG,Industrials & Aerospace,2025,121,0.8219,1.25,-0.1903,-0.2966,-0.3672,-0.28,-0.7489,-0.2997,0.0957,0.0366,0.8864,0.3417,0.0648,2.8736,0.3619,-0.6815,1.0,113.0,1.0,10.554,-0.2233
WAY,Healthcare,2024,121,-0.0143,0.0,-0.0143,-0.0423,0.3505,0.0107,0.3564,0.4567,0.0365,0.0098,0.3237,0.025,0.0268,0.8506,0.3553,-0.0929,107.0,21.0,1.0,10.2342,0.4797
WBTN,Technology,2024,121,0.0952,0.0143,0.0798,-0.0513,-0.541,0.1126,-0.5451,-0.3857,0.0334,0.0245,0.8826,0.2167,0.0552,1.3623,0.2093,-0.5677,17.0,54.0,1.0,9.5667,-0.4218
WRBY,Consumer,2021,121,,,0.0081,-0.0291,-0.2006,-0.2729,-0.4566,,0.0099,0.0338,0.7133,0.2167,0.0603,2.101,0.5328,-0.6094,36.0,115.0,,7.4902,0.0297
WRD,Autos & Mobility,2024,121,0.0677,0.0,0.0677,0.1719,-0.2832,-0.2676,-0.3794,-0.4329,0.0293,0.0346,1.7893,0.3917,0.0719,2.1404,0.3052,-0.7963,77.0,119.0,1.0,7.0152,-0.2561
XE,Energy & Power,2026,68,0.2696,0.3091,-0.0302,-0.0745,-0.4769,,,,0.0704,0.0434,1.0533,0.4179,0.0893,2.8884,0.3655,,,,,6.2555,
YSS,Industrials & Aerospace,2026,121,-0.0115,0.1206,-0.1178,-0.2267,0.1049,-0.4348,-0.5393,-0.4818,0.0767,0.0456,1.2576,0.4833,0.1033,2.2683,0.2585,-0.5991,58.0,118.0,1.0,9.2332,0.0
