trading_day,Autos & Mobility,Consumer,Energy & Power,Financials & Fintech,Healthcare,Industrials & Aerospace,Real Estate & Infra,Semiconductors & AI hardware,Technology,All IPOs
1,0.0,0.0,0.0,0.0,0.0,0.0,0.0,0.0,0.0,0.0
2,2.41,0.42,2.26,3.57,-2.84,0.89,0.58,-2.91,-0.66,0.96
3,-4.59,-1.44,2.84,2.49,-4.69,-1.58,1.59,-0.3,-0.2,-0.12
4,-7.34,-3.37,-0.25,-3.33,-2.8,-0.78,4.29,4.84,-1.56,-0.7
5,-1.87,-2.22,0.92,-2.18,-7.63,-3.36,5.64,8.97,-1.34,-1.81
6,-2.72,-2.83,1.81,-1.34,-7.97,-4.35,5.77,6.48,-0.99,-2.52
7,-4.92,-0.2,1.35,-0.29,-9.72,-2.38,9.43,8.14,-3.29,-1.18
8,-1.0,0.29,0.71,-0.59,-8.36,-4.83,8.32,12.34,-0.93,-1.0
9,0.69,-0.78,2.14,-3.62,-8.13,-4.93,7.68,15.09,-4.09,-0.78
10,1.32,0.44,0.13,-2.87,-6.34,-3.12,6.61,11.89,-4.66,-1.56
11,0.53,0.9,1.28,-3.43,-7.83,-6.25,5.37,13.9,-2.39,-2.13
12,7.77,0.24,0.79,-5.87,-8.22,-5.87,2.25,15.4,-3.31,-2.03
13,0.72,0.58,0.98,-9.47,-9.44,-6.82,7.24,13.06,-3.17,-3.3
14,6.34,2.55,1.51,-8.06,-10.31,-6.02,3.32,10.44,-5.43,-3.66
15,0.86,1.59,0.2,-11.11,-9.99,-5.7,3.14,16.18,-5.95,-3.95
16,4.29,1.17,-2.49,-7.54,-11.1,-6.08,1.66,22.34,-6.69,-4.27
17,9.18,2.96,-0.02,-5.82,-11.15,-7.23,1.0,19.1,-3.62,-2.05
18,14.61,2.76,-6.64,-5.93,-5.33,-5.21,4.6,18.02,-6.82,-2.69
19,4.97,3.2,-5.64,-5.02,-2.14,-6.58,3.09,23.39,-6.17,-2.23
20,7.44,3.33,-4.72,-8.18,-7.0,-8.12,2.91,21.85,-7.76,-2.9
21,13.97,2.42,-4.59,-6.97,-3.54,-10.7,1.2,18.36,-6.21,-4.14
22,12.29,-0.18,-3.62,-9.72,-4.25,-9.91,1.83,8.83,-6.7,-3.95
23,9.71,0.14,-5.03,-10.31,-1.29,-11.25,1.65,10.05,-9.94,-5.13
24,8.31,-0.56,-3.47,-12.99,-1.06,-11.15,2.2,18.47,-7.99,-5.63
25,6.78,-4.04,-3.4,-12.8,-1.37,-11.58,0.59,17.34,-9.43,-5.29
26,2.16,-5.39,-5.33,-12.33,-1.02,-12.42,-0.36,18.68,-7.26,-6.17
27,1.5,-6.26,-4.16,-11.97,-7.57,-15.33,-0.83,38.88,-8.39,-6.39
28,0.77,-9.09,-8.62,-8.07,-3.91,-14.29,-1.45,38.5,-8.02,-8.02
29,-0.8,-6.95,-9.86,-6.29,1.22,-13.96,0.25,39.3,-9.58,-6.95
30,2.3,-10.33,-12.0,-3.59,-0.39,-12.11,0.83,24.5,-8.37,-7.39
31,2.29,-8.41,-9.32,-11.11,1.15,-16.22,-0.08,30.42,-11.84,-9.18
32,8.38,-11.03,-8.37,-10.58,2.86,-16.63,1.03,20.64,-9.74,-8.55
33,4.46,-9.96,-13.84,-11.24,0.33,-15.9,-0.58,23.92,-10.34,-9.8
34,4.75,-9.05,-13.42,-10.94,-1.85,-16.28,-1.76,23.47,-14.95,-9.74
35,4.96,-8.49,-14.97,-14.23,-2.04,-15.63,-1.77,12.29,-16.53,-11.87
36,5.07,-9.28,-14.48,-13.23,2.2,-17.65,-1.33,13.0,-15.62,-11.22
37,4.18,-9.32,-14.39,-12.93,1.17,-17.76,-2.25,6.48,-17.94,-11.91
38,3.02,-6.28,-9.83,-14.56,2.87,-18.59,-2.57,9.99,-21.7,-10.82
39,-0.54,-9.88,-8.04,-13.48,2.68,-15.76,-2.18,12.28,-22.09,-10.1
40,-1.11,-11.2,-1.62,-17.21,2.48,-15.91,-4.38,19.91,-20.74,-11.54
41,-1.66,-12.16,-3.88,-20.34,7.03,-18.25,-5.33,16.11,-19.96,-12.89
42,-2.1,-7.79,-1.13,-12.42,6.77,-18.41,-5.97,15.16,-20.54,-12.77
43,-3.29,-13.28,-8.47,-15.24,13.88,-20.45,-7.35,15.05,-19.75,-13.41
44,-2.87,-11.72,-5.64,-15.47,15.52,-19.87,-8.1,16.14,-20.09,-14.2
45,-4.99,-14.54,-2.03,-15.82,14.8,-11.1,-9.4,16.11,-22.31,-13.61
46,-3.22,-14.39,-4.6,-17.81,12.97,-11.34,-9.22,11.91,-21.68,-14.54
47,-3.28,-16.78,-4.62,-13.09,12.68,-12.98,-9.54,14.34,-19.5,-13.52
48,-5.65,-19.16,-15.82,-11.51,13.93,-14.24,-10.62,9.27,-19.85,-14.24
49,-9.61,-17.38,-21.93,-10.64,13.38,-2.78,-11.67,7.66,-20.58,-15.48
50,-5.39,-18.75,-23.41,-10.27,14.87,-0.84,-10.45,5.09,-22.04,-13.1
51,-4.58,-21.71,-27.14,-12.47,13.81,1.92,-11.26,2.72,-19.65,-15.8
52,-4.85,-22.83,-25.58,-17.59,12.06,1.55,-12.53,1.16,-21.96,-17.68
53,-7.84,-23.95,-29.0,-15.2,14.31,2.63,-13.08,-2.84,-22.39,-15.42
54,-5.75,-26.62,-31.07,-18.32,13.96,1.52,-15.24,-2.44,-21.75,-18.08
55,-8.78,-22.3,-32.25,-19.34,10.49,1.9,,-2.36,-21.22,-17.46
56,-10.57,-22.66,-16.6,-17.24,9.72,0.92,,-2.1,-24.39,-16.13
57,-5.03,-21.85,-19.7,-19.52,7.53,1.96,,1.01,-19.77,-15.48
58,-7.81,-24.14,-18.9,-22.88,5.54,-0.32,,0.22,-19.04,-16.7
59,-2.85,-22.08,-19.46,-25.23,7.29,-3.35,,-2.44,-19.86,-16.72
60,-0.48,-24.97,-18.43,-25.76,6.5,-6.67,,-2.65,-21.64,-15.53
61,0.29,-24.76,-15.49,-26.57,5.29,-4.78,,1.74,-20.49,-14.59
62,-2.21,-22.26,-13.98,-31.27,7.15,-4.88,,-0.52,-23.77,-16.8
63,0.83,-23.44,-18.12,-33.45,8.73,-9.38,,0.49,-25.33,-17.68
64,2.6,-23.94,-16.35,-30.54,8.08,-3.53,,-2.22,-25.82,-19.12
65,2.83,-23.74,-14.21,-32.73,5.63,-6.21,,2.83,-23.03,-18.11
66,5.83,-23.96,-15.21,-34.86,5.63,-4.65,,3.84,-23.98,-20.52
67,6.89,-26.63,-15.84,-38.97,4.94,-3.86,,2.49,-22.02,-19.39
68,1.07,-28.05,-18.11,-40.76,2.46,2.01,,1.83,-22.42,-21.95
69,-0.57,-30.85,12.98,-41.39,1.23,-5.3,,1.46,-22.81,-21.82
70,6.44,-26.9,12.66,-36.21,1.65,-1.94,,1.78,-24.19,-22.72
71,3.61,-29.62,14.19,-31.47,3.86,-2.51,,-0.11,-23.99,-22.02
72,7.09,-27.82,13.14,-33.6,3.13,-7.77,,0.94,-25.38,-22.77
73,5.58,-31.37,8.0,-32.92,3.38,-18.43,,0.33,-26.62,-23.01
74,4.59,-32.73,3.91,-33.81,1.49,-18.32,,3.1,-29.56,-23.04
75,4.16,-28.21,0.69,-35.74,4.24,-32.28,,3.21,-28.92,-26.33
76,31.89,-28.53,6.46,-35.46,6.11,-29.93,,-2.61,-27.05,-26.09
77,32.84,-26.62,2.1,-36.5,5.48,-26.53,,-2.82,-28.54,-24.15
78,30.92,-25.95,4.17,-36.05,7.52,-28.63,,-1.39,-33.01,-24.9
79,25.09,-25.77,-2.11,-37.04,6.14,-23.97,,-2.07,-31.29,-23.21
80,17.13,-26.12,-1.16,-34.92,6.19,-23.92,,1.04,-31.45,-24.01
81,13.5,-26.7,-2.07,-35.61,4.87,-17.78,,0.8,-31.06,-24.9
82,7.13,-26.68,-9.46,-31.77,2.84,-14.8,,-0.31,-31.94,-24.22
83,3.52,-26.01,-5.12,-32.95,5.19,-18.69,,-1.14,-32.16,-24.99
84,-4.57,-26.95,-6.16,-31.96,7.84,-17.11,,-1.27,-32.23,-25.5
85,-6.67,-26.84,-6.69,-34.11,5.16,-21.94,,-1.92,-32.62,-24.18
86,-13.22,-26.95,1.41,-35.26,4.62,-18.88,,-1.48,-31.48,-25.74
87,-14.3,-29.3,3.47,-34.48,3.74,-21.05,,1.97,-34.66,-27.69
88,-11.43,-30.32,1.07,-38.14,-0.83,-21.35,,15.37,-35.26,-25.53
89,-18.68,-26.98,2.22,-37.32,2.21,-21.19,,14.76,-35.93,-26.98
90,-18.77,-28.36,-2.11,-39.25,-0.25,-21.21,,13.14,-34.72,-25.83
91,-19.46,-27.69,3.86,-39.95,-0.34,-22.49,,16.05,-33.8,-25.97
92,-21.23,-30.35,9.25,-37.41,-0.2,-23.56,,13.85,-35.18,-27.23
93,-20.77,-30.55,7.27,-39.99,-0.58,-17.31,,9.68,-36.9,-26.69
94,-21.72,-30.5,5.6,-41.91,-0.9,-24.95,,10.95,-36.58,-25.42
95,-17.36,-30.82,0.54,-45.23,-0.04,-21.51,,9.94,-36.87,-27.31
96,-17.59,-25.67,-7.49,-46.08,-5.0,-17.8,,12.69,-38.72,-24.17
97,-21.4,-28.48,-10.81,-48.71,-1.07,-21.14,,11.68,-39.02,-25.68
98,-21.99,-28.93,-8.89,-50.05,-4.83,-20.41,,9.08,-39.74,-25.6
99,-22.69,-28.04,-15.83,-50.16,-5.2,-21.66,,14.24,-38.94,-23.27
100,-14.83,-27.59,-15.69,-49.22,-3.61,-21.17,,16.09,-39.85,-21.48
101,-16.46,-29.58,-18.36,-50.01,-7.66,-24.95,,17.12,-30.63,-23.8
102,-4.01,-30.25,-17.25,-51.34,-9.06,-22.88,,42.2,-30.59,-22.02
103,-10.01,-30.28,-21.58,-52.04,-7.01,-23.14,,44.39,-32.26,-25.92
104,-10.99,-28.58,-17.15,-52.27,-2.44,-26.32,,35.66,-32.51,-25.7
105,-15.08,-27.82,-14.52,-51.25,-2.44,-26.73,,36.96,-33.29,-27.07
106,-11.3,-30.48,-17.21,-52.54,-9.83,-26.81,,27.74,-33.04,-27.9
107,-13.02,-31.32,-17.19,-52.2,-10.05,-26.24,,24.38,-30.9,-26.76
108,5.68,-30.78,-18.41,-53.41,-9.27,-28.18,,20.29,-31.59,-27.12
109,7.8,-31.02,-17.5,-53.57,-8.67,-26.23,,22.27,-31.41,-27.06
110,9.61,-30.71,-15.98,-51.63,-10.23,-30.05,,16.33,-32.9,-26.8
111,3.9,-30.32,-11.52,-52.44,-12.82,-28.86,,18.83,-34.13,-26.1
112,-0.46,-33.16,-20.24,-55.16,-13.49,-30.57,,17.6,-33.96,-26.56
113,3.06,-33.53,-17.71,-55.93,-14.88,-31.81,,13.56,-32.48,-29.54
114,3.7,-32.82,-26.38,-55.81,-15.32,-29.72,,14.2,-32.87,-31.32
115,1.95,-34.09,-29.88,-56.61,-16.44,-32.91,,11.91,-34.74,-29.88
116,3.57,-31.62,-18.48,-58.02,-15.03,-34.22,,13.3,-34.66,-29.16
117,0.11,-31.5,-17.68,-58.23,-16.44,-34.22,,11.15,-33.02,-29.91
118,0.94,-30.58,-11.33,-56.65,-13.41,-34.45,,12.05,-33.95,-29.71
119,2.78,-32.08,-11.83,-54.66,-11.7,-32.98,,13.86,-33.48,-31.35
120,4.35,-30.29,-10.67,-55.11,-13.14,-35.11,,14.58,-33.38,-30.02
121,3.99,-29.72,-10.16,-54.85,-17.36,-34.0,,13.34,-33.68,-29.65
