sector,n,n_full,pop,pop_n,offer_to_open,offer_to_open_n,open_to_close,open_to_close_n,ex_2_21,ex_2_21_n,ex_22_63,ex_22_63_n,ex_64_121,ex_64_121_n,ex_6m,ex_6m_n,vs_offer_6m,vs_offer_6m_n,ex_6m_yr_adj,ex_6m_yr_adj_n,abs_move_wk1,abs_move_wk1_n,abs_move_after,abs_move_after_n,ann_vol,ann_vol_n,pct_days_gt5,pct_days_gt5_n,hl_range,hl_range_n,max_dd,max_dd_n,beta,beta_n,corr,corr_n,vol_day1_mult,vol_day1_mult_n,trough_day,trough_day_n,peak_day,peak_day_n,pct_beat_spy,ex_6m_p25,ex_6m_p75,pct_below_offer,pct_broke_issue,best,worst,years
Autos & Mobility,5,4,6.8,5,15.4,5,-3.7,5,14.0,5,-8.4,4,-5.1,4,4.0,4,-4.7,4,23.4,4,3.6,5,4.2,4,108.2,5,39.2,5,7.2,5,-81.0,4,1.9,4,0.39,4,7.47,5,108.0,4,67.0,4,50.0,-43.2,46.5,75.0,20,PONY,RIVN,"2021×1, 2022×1, 2024×2, 2026×1"
Consumer,18,17,8.8,17,12.5,17,-0.3,18,2.4,17,-20.1,17,-12.3,17,-29.7,17,-11.5,16,-1.8,17,3.6,18,2.7,17,71.3,17,21.7,17,6.2,18,-55.0,17,1.8,17,0.38,17,9.73,18,96.0,17,20.0,17,12.0,-47.9,-13.1,81.0,29,VIK,BIRD,"2021×6, 2023×5, 2024×3, 2025×2, 2026×2"
Energy & Power,7,4,25.0,7,22.2,7,0.9,7,-4.6,7,-17.3,6,5.3,4,-10.2,4,-6.9,4,21.8,4,2.8,7,3.3,7,90.6,7,32.5,7,7.4,7,-44.5,4,2.04,7,0.37,7,8.24,7,39.0,4,64.5,4,50.0,-44.9,18.7,75.0,29,NXT,FLNC,"2021×1, 2023×2, 2025×1, 2026×3"
Financials & Fintech,15,12,20.8,12,31.4,12,-8.2,13,-7.0,15,-17.3,14,-31.1,12,-54.9,12,-30.1,12,-5.6,12,7.2,15,2.6,15,85.8,15,30.0,15,7.1,15,-66.4,12,2.51,15,0.41,15,7.18,15,116.0,12,2.5,12,0.0,-67.8,-25.7,83.0,8,FIGR,BTGO,"2021×2, 2022×2, 2025×7, 2026×4"
Healthcare,8,7,14.2,8,14.4,8,0.3,8,-3.5,8,13.9,8,-22.6,7,-17.4,7,29.3,7,33.2,7,4.7,8,2.1,8,59.9,8,15.4,8,5.4,8,-33.6,7,0.98,8,0.22,8,10.36,8,21.0,7,52.0,7,29.0,-19.7,7.9,57.0,25,WAY,OMDA,"2022×1, 2024×2, 2025×4, 2026×1"
Industrials & Aerospace,16,10,30.8,15,22.2,15,2.1,15,-10.7,16,-9.8,12,-16.0,10,-34.0,10,-11.5,10,-0.9,10,4.4,16,3.5,13,81.5,16,29.9,16,6.7,16,-54.3,10,1.94,13,0.35,13,10.56,16,88.0,10,21.5,10,30.0,-62.9,1.3,70.0,7,LOAR,VOYG,"2023×1, 2024×3, 2025×3, 2026×9"
Real Estate & Infra,4,2,1.3,4,2.6,4,-1.0,4,1.2,3,,2,,2,,2,,2,,2,2.7,4,1.5,3,37.2,3,3.8,3,4.6,4,,2,0.43,3,0.23,3,5.72,4,,2,,2,,,,,50,LINE,FRMI,"2024×1, 2025×1, 2026×2"
Semiconductors & AI hardware,5,4,24.7,5,21.0,5,-1.3,5,18.4,5,-20.0,4,14.9,4,13.3,4,18.0,4,43.2,4,5.1,5,2.9,5,86.9,5,23.3,5,6.5,5,-42.3,4,2.4,5,0.37,5,6.42,5,68.0,4,65.5,4,75.0,-2.1,39.2,75.0,20,ARM,ALAB,"2021×1, 2022×1, 2023×1, 2024×1, 2026×1"
Technology,18,16,12.3,17,20.6,17,-0.8,17,-6.2,18,-11.1,16,-9.4,16,-33.7,16,-20.8,16,-0.4,16,5.2,18,2.4,16,82.5,18,24.6,18,5.8,18,-54.6,16,1.84,16,0.42,16,9.51,18,82.0,16,12.5,16,19.0,-50.3,-11.2,88.0,18,CRWV,FIG,"2021×3, 2023×2, 2024×6, 2025×5, 2026×2"
