,2020,2021,2022,2023,2024,2025,2026,mean,years_same_sign_as_mean
pop,0.107,0.003,0.03,-0.051,-0.006,0.118,-0.05,0.021,4
d1_oc,0.148,-0.054,0.06,-0.289,-0.242,-0.051,-0.136,-0.08,5
d1_range,-0.009,0.057,0.186,0.185,0.015,0.133,-0.034,0.076,5
d1_turnover,-0.051,0.147,0.223,0.143,-0.071,0.102,0.258,0.107,5
log_deal,0.123,0.016,-0.193,0.167,0.009,0.064,0.034,0.031,6
log_offer,0.176,-0.003,-0.16,0.237,-0.037,-0.012,0.057,0.037,3
exch_nyse,-0.0,-0.028,0.113,-0.159,-0.065,0.024,-0.034,-0.021,5
ext,0.105,0.058,0.175,-0.071,-0.023,0.126,0.061,0.062,5
run,-0.018,0.045,0.164,0.03,0.038,0.052,0.125,0.062,6
ret3,0.085,0.047,-0.198,-0.011,0.052,0.142,0.07,0.027,5
ret5,0.068,0.047,0.088,-0.093,0.108,0.193,0.055,0.066,6
rvol,0.014,0.131,0.212,0.09,-0.05,0.093,0.126,0.088,6
dd_from_high,0.072,-0.075,-0.247,-0.174,-0.01,-0.009,-0.023,-0.067,6
dist_d1low,0.029,0.058,0.237,0.022,-0.031,0.029,0.056,0.057,6
vol_ratio,-0.009,0.054,0.164,0.034,0.043,0.105,0.092,0.069,6
signal_day,-0.003,-0.019,-0.093,-0.041,-0.039,-0.109,0.033,-0.039,6
below_offer,0.123,0.009,-0.118,-0.006,0.053,-0.032,0.014,0.006,4
below_d1low,0.035,0.024,-0.066,-0.006,0.102,0.076,-0.017,0.021,4
log_dollar_vol,0.088,0.113,0.175,0.191,-0.038,0.18,0.152,0.123,6
spy_ret20,-0.023,0.06,0.035,-0.273,0.157,0.08,-0.031,0.001,4
spy_ret60,0.143,-0.021,-0.04,-0.297,0.097,0.07,0.001,-0.007,3
spy_above_ma50,0.027,0.03,-0.005,-0.265,0.147,0.149,-0.057,0.004,4
spy_vol20,0.137,-0.025,0.029,0.188,0.064,0.039,0.029,0.066,6
hot_count,-0.03,-0.01,-0.001,0.433,0.147,-0.079,0.024,0.069,3
hot_pop,0.053,-0.074,0.174,-0.249,0.064,0.051,-0.037,-0.003,3
cohort_mom,0.003,0.003,0.103,-0.086,0.093,0.141,-0.035,0.032,5
cohort_below_offer,0.086,0.022,0.047,0.22,-0.13,-0.134,0.09,0.029,5
cohort_n,-0.102,-0.106,-0.278,0.28,-0.051,0.0,0.011,-0.035,4
