symbol,split,signal_day,entry_day,exit_day,entry_date,exit_date,entry_open,exit_px,exit_reason,days_held,notional,shares,gross_ret,price_pnl,slippage,borrow,hedge_pnl,beta,net_pnl,net_ret
NTRB,train,2,3,23,2021-10-05,2021-11-02,5.951972961425781,5.823328018188477,time,21,0.07,0.011760806114823424,0.021613831929520044,0.0015129682350664099,0.00038976290316650695,0.0017004081761707673,0.007726618770864509,1.5,0.007149415926593645,0.10213451323705205
LTH,train,2,3,23,2021-10-11,2021-11-08,17.15999984741211,19.51000022888184,time,21,0.0702628526659456,0.004094571870089026,-0.13694641039429456,-0.009622245456664437,0.00041905946479835605,0.0017865981762855043,0.007659381136997942,1.5,-0.004168521960750354,-0.05932753656571529
PYXS,train,2,3,23,2021-10-12,2021-11-09,11.390000343322754,11.75,time,21,0.06961885717051547,0.006112278759616426,-0.03160664142458014,-0.0022004182549775347,0.00039688679634064603,0.0019075403406667182,0.007600752741577655,1.5,0.003095907349592756,0.044469379065071965
IHS,train,2,3,23,2021-10-18,2021-11-15,16.6299991607666,15.68000030517578,time,21,0.0696223021132911,0.004186548744845618,0.057125610555173956,0.0039772165164785305,0.0003810455322840067,0.0017377167675464962,0.005518408703864411,1.5,0.0073768629205124385,0.10595545818793278
LUCD,train,2,3,23,2021-10-18,2021-11-15,9.699999809265137,10.4399995803833,time,21,0.0696223021132911,0.007177557060031078,-0.076288637697842,-0.005311390581610561,0.00040426705002922944,0.0017693532679467505,0.005518408703864411,1.5,-0.00196660219572213,-0.028246727500076445
COCO,train,2,3,23,2021-10-25,2021-11-22,13.760000228881836,14.670000076293944,time,21,0.07090525161062877,0.005152997851104736,-0.06613370874093771,-0.00468922725822023,0.0004094147793150567,0.001841153869709595,0.003111510749924882,1.5,-0.0038282851573199993,-0.05399156015047742
CMTG,train,2,3,23,2021-11-05,2021-12-06,16.950000762939453,17.600000381469727,time,21,0.07059713186666758,0.004165022341534378,-0.03834805836419042,-0.0027072629331674107,0.00040163867060782454,0.0017948767289845608,-0.002367125892162245,1.5,-0.007270904224922041,-0.10299149600941504
ARHS,train,2,3,23,2021-11-08,2021-12-07,12.640000343322754,9.220000267028809,time,21,0.07131235032044585,0.005641799713883515,0.27056961893997145,0.019294955451916784,0.0003510470949707172,0.0015245620489804203,-0.00032339096993795743,1.5,0.01709595533802769,0.23973344394352594
WEAV,train,2,3,23,2021-11-15,2021-12-14,18.57999992370605,14.869999885559082,time,21,0.0712988420664024,0.003837397328265479,0.19967707499360177,0.014236744234250004,0.00036344066405725735,0.0017268287977194648,-0.0012049546448555386,1.5,0.010941520127617744,0.1534599975330263
DERM,train,2,3,23,2021-11-16,2021-12-15,9.329999923706056,6.75,time,21,0.06906892992282583,0.00740288644025951,0.27652732527367807,0.019099446451074135,0.0003391904185114057,0.001445325439455496,0.0007651353563320521,1.5,0.018080065949439283,0.2617684387124724
IREN,train,2,3,23,2021-11-19,2021-12-20,23.770000457763672,17.309999465942383,time,21,0.07019602017752023,0.002953134994769975,0.27177117658453165,0.019077254995196198,0.0003447485209026609,0.0012936489037874068,-0.003280273017309615,1.5,0.014158584553196515,0.20170067359076146
CINT,train,8,9,29,2021-11-22,2021-12-21,14.420000076293944,12.6899995803833,time,21,0.06998486448471321,0.00485331928671528,0.11997229450467983,0.008396244772830118,0.0003705755141015785,0.0015679110170006036,-0.0017455754037006583,1.5,0.0047121828380272774,0.06733145620445631
AIRS,train,23,24,44,2021-12-02,2021-12-31,10.510000228881836,17.190000534057617,time,21,0.07279975722183706,0.006926713190907538,-0.6355851721885708,-0.04627044622912746,0.000565677252431175,0.002282104613790073,0.011255578397860603,2.876082224230171,-0.03786264969748811,-0.5200930764385957
NRDS,train,19,20,40,2021-12-02,2021-12-31,17.719999313354492,15.550000190734863,time,21,0.07279975722183706,0.004108338602867342,0.12246045184574195,0.008915091163646484,0.00035666236070884744,0.001576428220307703,0.0019567553220550464,0.5,0.00893875590468498,0.12278551805394902
BRZE,train,12,13,33,2021-12-06,2022-01-04,60.61000061035156,64.9000015258789,time,21,0.07500725476119617,0.0012375392510454075,-0.07078041366649734,-0.005309044519985822,0.0004155304095979313,0.0021453921599867247,0.0031225076791873284,0.8864816823661429,-0.00474745941038315,-0.0632933364312271
SG,train,11,12,32,2021-12-06,2022-01-04,25.600000381469727,30.309999465942383,time,21,0.07500725476119617,0.0029299708454492575,-0.18398433649563284,-0.01380015999959758,0.00048099729591664334,0.0022228712038366697,0.008197055288688223,2.3271485963665697,-0.008306973210662672,-0.1107489300482992
GTLB,train,40,41,61,2021-12-10,2022-01-10,76.4000015258789,72.9000015258789,time,21,0.07393019900810123,0.0009676727425595524,0.04581151740964884,0.0033868545989584374,0.00041148111621422276,0.0020085890979093407,-0.00100084438336149,1.7076048497533296,-3.4059998526615905e-05,-0.0004607048132371946
TRDA,train,31,32,52,2021-12-14,2022-01-12,19.690000534057617,9.699999809265137,time,21,0.07473557219878926,0.003795610470884438,0.507364167284448,0.037918151355165464,0.00029395757487835945,0.0014927142040046587,0.0006398891628445958,0.5,0.03677136873912704,0.4920196321146619
IOT,train,3,4,24,2021-12-20,2022-01-19,22.57999992370605,20.350000381469727,time,21,0.07435436484864229,0.003292930252430157,0.09875994463113869,0.007343232955535393,0.00039789236923829126,0.0020640792551832048,-0.0006699576263355703,1.5,0.0042113037047783256,0.0566382849662016
NU,train,8,9,29,2021-12-21,2022-01-20,9.020000457763672,7.949999809265137,time,21,0.07322869092497716,0.008118479734881605,0.11862534303726857,0.008686778581145532,0.0003877955986808091,0.0018530429812368171,-0.002840620230996136,1.5,0.0036053197702317695,0.049233705050462005
BLZE,train,39,40,60,2022-01-07,2022-02-07,15.729999542236328,13.800000190734863,time,21,0.07347464207238079,0.004670988188848664,0.12269544867558702,0.009015004175348926,0.00037281104532392855,0.0015562731712839566,-0.003162170161695897,0.9733895472588405,0.003923749797045144,0.053402775248361324
AMLX,train,2,3,23,2022-01-11,2022-02-09,16.5,20.59000015258789,time,21,0.07440020784085219,0.004509103505506193,-0.24787879712653882,-0.01844223402555492,0.00046237781031881545,0.002297978745430331,-0.0018446932692206504,1.5,-0.02304728385052472,-0.3097744551980909
SKYX,train,2,3,23,2022-02-14,2022-03-15,10.949999809265137,13.579999923706056,time,21,0.07341797772488029,0.00670483826518052,-0.24018266303672386,-0.01763372540473263,0.0004545365700839653,0.0021365286339978286,-0.003442093435979586,1.5,-0.023666884044794008,-0.3223581577455196
TPG,train,25,26,46,2022-02-18,2022-03-21,29.11000061035156,30.07999992370605,time,21,0.0719465047808013,0.0024715391024491087,-0.033321858227978174,-0.002397391232304414,0.00039751913401875436,0.0018136095013523946,0.0012728553536192372,1.0959031665037529,-0.0033356645140563256,-0.04636312110253391
EE,train,6,7,27,2022-04-22,2022-05-20,23.43000030517578,23.799999237060547,time,21,0.07152779932576082,0.003052829636965905,-0.015791674223880836,-0.0011295437049035398,0.00040105743191613076,0.0019220106533942502,-0.011610517851943555,1.5,-0.015063129642157475,-0.21059126359466326
PEPG,train,2,3,23,2022-05-10,2022-06-08,11.90999984741211,11.010000228881836,time,21,0.07069000133822766,0.00593534863508732,0.07556671956850036,0.005341811507422772,0.0003828623263833951,0.001632574163819778,0.0017642382893857016,1.5,0.005090613306605301,0.07201320144624761
BLCO,train,3,4,24,2022-05-11,2022-06-09,17.670000076293945,14.579999923706056,time,21,0.07071931544095311,0.004002224965229631,0.1748726734151762,0.01236687575325062,0.0003652905865091831,0.0016839361601182258,0.0008980471148611765,1.5,0.011215696121484386,0.15859452331448115
IE,train,2,3,23,2022-06-30,2022-07-29,9.369999885559082,9.199999809265137,time,21,0.07161482191077609,0.0076429906921501554,0.01814301796907669,0.0012993090007794453,0.00039983616381770683,0.0016235895903573177,0.010207168096546735,1.5,0.009483051343151156,0.1324174394368523
CRBG,train,5,6,26,2022-09-23,2022-10-21,20.76000022888184,21.63999938964844,time,21,0.07227863550479671,0.003481629802886073,-0.042389169126420656,-0.003063831304639732,0.00041263702004133983,0.0017617461408831144,0.0010854147643943905,1.5,-0.004152799701169795,-0.05745542472082498
GCT,train,28,29,49,2022-09-28,2022-10-26,12.029999732971191,5.050000190734863,time,21,0.07223822173155522,0.006004839844972606,0.5802161011779503,0.041913779369111254,0.0002712040167136737,0.0010690759455170523,0.0017485606618232983,0.5,0.04232206006870383,0.5858679664897763
PRME,train,2,3,23,2022-10-24,2022-11-21,15.93000030517578,18.040000915527344,time,21,0.07491852209520711,0.004702983092276873,-0.13245452416381998,-0.009923297195177296,0.00044547009298420015,0.0022104020330803277,0.005590631315485596,1.5,-0.006988538005756226,-0.09328184553447452
BFRG,train,2,3,23,2023-02-16,2023-03-17,5.170000076293945,2.720000028610229,time,21,0.07446128607012116,0.014402569626942419,0.47388781654331624,0.03528629627277697,0.0003277401317437577,0.0013093479047622998,-0.0051366478348919145,1.5,0.028512560401379,0.3829179148816789
HSAI,train,12,13,33,2023-02-28,2023-03-28,18.0,15.210000038146973,time,21,0.07665904689478642,0.004258835938599246,0.15499999788072372,0.0118821521062302,0.0004227381704920177,0.0017694956187150777,-0.0007108213031234035,2.259696779148131,0.008979097013899701,0.11713029808762687
AESI,train,2,3,23,2023-03-13,2023-04-11,16.889999389648438,17.790000915527344,time,21,0.07487013195545285,0.004432808446478651,-0.053286060296159565,-0.00398953436575969,0.0004308884587892072,0.001845948104888202,0.008209419621360046,1.5,0.0019430486919229462,0.025952254138927457
KGS,train,3,4,24,2023-07-05,2023-08-02,16.09000015258789,18.6299991607666,time,21,0.07722171549762527,0.004799360768508449,-0.1578619629640079,-0.012190371591903275,0.00046334845784814713,0.0020290440360352957,0.002154610408437204,1.5,-0.012528153677349513,-0.1622361481691608
SGMT,train,2,3,23,2023-07-18,2023-08-15,15.961999893188477,15.699999809265137,time,21,0.0772488818880535,0.004839549079374333,0.016413988577655858,0.0012679622649471975,0.00042903235930833914,0.0019282837592162674,-0.0019573680119622716,1.5,-0.0030467218655396804,-0.0394403361068046
SRFM,train,2,3,23,2023-07-31,2023-08-28,17.920000076293945,9.869999885559082,time,21,0.07641495209204416,0.004264227219124411,0.44921875873114914,0.0343270299272883,0.00034137192814876074,0.0010912868123418595,-0.0036711437423291114,1.5,0.02922322744446857,0.38242813277260573
ODD,train,42,43,63,2023-09-18,2023-10-16,33.06999969482422,30.0,time,21,0.0781771001307358,0.002363988534991468,0.09283337535998537,0.0072574440809917585,0.0004242985200755678,0.001725894561878129,-0.002055596726567397,1.6618597032499247,0.003051654272470664,0.03903514286622775
NMRA,train,2,3,23,2023-09-19,2023-10-17,14.640000343322754,9.970000267028809,time,21,0.07822821847422637,0.005343457420744252,0.31898906876897126,0.024953946562549102,0.00037534008017877534,0.001550238770619372,-0.0017653843525978746,1.5,0.02126298335915308,0.27180707644720986
CART,train,6,7,27,2023-09-27,2023-10-25,29.75,25.15999984741211,time,21,0.079490105621571,0.002671936323414151,0.15428571941471902,0.012264188132176087,0.0004139514444592368,0.001756416434493512,-0.002663383455602775,1.5,0.007430436797620563,0.09347624763507908
BIRK,train,2,3,23,2023-10-13,2023-11-10,37.650001525878906,40.650001525878906,time,21,0.08109144688030227,0.0021538232030233434,-0.07968127167107641,-0.00646146960907003,0.0004705676262296328,0.0021089775325235627,0.0015092483863249667,1.5,-0.007531766381498259,-0.09287991115284665
ARM,train,22,23,43,2023-10-16,2023-11-13,51.040000915527344,51.68999862670898,time,21,0.08086002461221103,0.0015842481026996195,-0.012735064645813754,-0.001029757640698598,0.00048514666821090153,0.0020309494988828194,0.002852331291502379,2.402351630562863,-0.0006935225162899399,-0.008576827914855815
KVYO,train,23,24,44,2023-10-23,2023-11-20,28.790000915527344,27.76000022888184,time,21,0.07997426365926655,0.0027778485972931644,0.03577633393161839,0.0028611859626092094,0.000472938721962491,0.0019648979713896273,0.015904183374414536,2.4082601193437756,0.01632753264367163,0.20415983713505279
ABVX,train,2,3,23,2023-10-24,2023-11-21,8.5,10.630000114440918,time,21,0.0795645230949221,0.009360532128814365,-0.2505882487577551,-0.01993793450560248,0.0004971354442023487,0.002330883967713035,0.008646393033893755,1.5,-0.014119560883624108,-0.17746051046870706
MNR,train,2,3,23,2023-10-27,2023-11-27,18.86000061035156,17.68000030517578,time,21,0.07856012933419637,0.004165436203171574,0.06256629199301933,0.00491521599093269,0.00042994124683564023,0.0018937858242228276,0.011462812707361403,1.5,0.014054301627235626,0.1788986569440122
LXEO,train,2,3,23,2023-11-07,2023-12-06,10.5,13.960000038146973,time,21,0.07900700799033714,0.00752447695146068,-0.32952381315685453,-0.026034690539089966,0.0005085634042772511,0.002214166948435762,0.005187165918190735,1.5,-0.02357025497361224,-0.2983311933100286
KSPI,train,2,3,23,2024-01-23,2024-02-21,91.13999938964844,99.88999938964844,time,21,0.0793119264068947,0.0008702208353964818,-0.09600614503618066,-0.007614432309719216,0.00046383177009412025,0.0019876776196691114,0.0032445072060592853,1.5,-0.006821434493423163,-0.08600767630365067
BTSG,train,2,3,23,2024-01-30,2024-02-28,10.5,9.729999542236328,time,21,0.07930548051037835,0.007552902905750319,0.07333337692987352,0.0058157386948723125,0.00043033277820746804,0.002024987235831153,0.0038071704326503968,1.5,0.007167589113484088,0.09037949290964951
GUTS,train,2,3,23,2024-02-06,2024-03-06,11.4399995803833,9.0,time,21,0.0790598147887963,0.006910823224536113,0.2132866844302408,0.01686240576797129,0.0004013589421308151,0.0015637382797585877,0.003899968667420128,1.5,0.018797277213502016,0.23776019794275827
ANRO,train,7,8,28,2024-02-13,2024-03-13,13.850000381469728,14.199999809265137,time,21,0.08083515693490628,0.005836473264149344,-0.025270716112302916,-0.0020427623027954693,0.0004588351486145175,0.0021366355956672876,0.00525682011026826,1.5,0.0006185870631909857,0.007652450822717054
MGX,train,2,3,23,2024-02-13,2024-03-13,11.130000114440918,11.079999923706056,time,21,0.08083515693490628,0.007262817259994861,0.004492380073742086,0.0003631422482721861,0.0004528203872368483,0.002147027118792248,0.00525682011026826,1.5,0.0030201148525113505,0.03736140272410608
AUNA,train,2,3,23,2024-03-26,2024-04-24,10.109999656677246,7.550000190734863,time,21,0.08090667576934327,0.00800263882461239,0.25321459474547126,0.020486751117137495,0.0004011238211085749,0.0017012276293486511,-0.003683427034518426,1.5,0.014700972632161843,0.181702838392135
BOLD,train,2,3,23,2024-04-02,2024-04-30,13.479999542236328,9.899999618530272,time,21,0.08065952063692332,0.005983644167360404,0.26557863837376183,0.021421445662634434,0.0003973804843545185,0.001758906450310889,-0.0037960852783301526,1.5,0.015469073449638875,0.191782362794723
KYTX,train,37,38,58,2024-04-04,2024-05-02,21.989999771118164,15.029999732971191,time,21,0.08130930529423148,0.0036975582601425834,0.31650750843973585,0.02573500563164303,0.00035818369995492105,0.0018630851632519224,-0.0014358674798753241,0.5,0.022077869288560863,0.2715294296104038
CTNM,train,2,3,23,2024-04-09,2024-05-07,15.100000381469728,14.8100004196167,time,21,0.08196252357532952,0.0054279815566038985,0.019205295001774148,0.0015741144443540767,0.00045489611802704646,0.002087705096301745,-0.0007936394195683097,1.5,-0.0017621261895430242,-0.02149916953110286
MRX,train,6,7,27,2024-05-03,2024-06-03,18.850000381469727,19.6200008392334,time,21,0.08424185001476234,0.004469063570819622,-0.04084882982393001,-0.0034411809953060614,0.00048118001957306105,0.0022307543573529126,0.004113535010633865,1.5,-0.00203958036159817,-0.024211011050217425
SVCO,train,2,3,23,2024-05-13,2024-06-11,18.90999984741211,17.809999465942383,time,21,0.08448974600369122,0.004467992950050388,0.05817030091728237,0.004914793949459476,0.00046155358456900395,0.0020546384556777986,0.0034899591099093476,1.5,0.00588856101912202,0.06969557014486419
RBRK,train,25,26,46,2024-05-31,2024-07-01,30.700000762939453,30.0,time,21,0.08383608471302188,0.00273081702376462,0.02280132721639805,0.0019115740000832794,0.0005170943275481874,0.0021443415408226277,0.010447686638299345,3.0,0.009697824770011809,0.11567602188494722
IBTA,train,31,32,52,2024-06-04,2024-07-03,85.47000122070312,74.73999786376953,time,21,0.08465372722208846,0.0009904495848021943,0.12554116302427876,0.010627527369801028,0.0004689255624536144,0.0018692613517575637,0.008375591628220411,2.08350620690751,0.01666493208381026,0.19685999223743486
GAUZ,train,2,3,23,2024-06-10,2024-07-10,15.079999923706056,8.279999732971191,time,21,0.08539371234501254,0.0056627130488755475,0.45092839689243835,0.03850644981243053,0.0003832907297662004,0.001759216200299222,0.006760325826032055,1.5,0.04312426870839716,0.5050051991435158
LIF,train,4,5,25,2024-06-12,2024-07-12,26.89999961853028,35.08000183105469,time,21,0.08482623930454118,0.0031533918404261963,-0.30408930589313266,-0.0257947522316427,0.0005403764437835271,0.0024660274985393387,0.004313115494948826,1.5,-0.024488040679016734,-0.2886847381162372
TEM,train,2,3,23,2024-06-18,2024-07-18,36.9900016784668,40.13999938964844,time,21,0.08745736728323915,0.0023643515359490024,-0.0851580851107494,-0.007447701926668151,0.0005086442455437046,0.001966408641071436,0.001318669704474405,1.5,-0.008604085108808886,-0.09838033519741937
WAY,train,8,9,29,2024-06-20,2024-07-19,20.88999938964844,22.559999465942383,time,21,0.08851045681785262,0.004236977472661485,-0.07994256223489749,-0.007075752702600391,0.0005133261919098443,0.002279191242122458,-0.00010874013315637792,1.5,-0.009977010269789071,-0.1127212606112852
TBN,train,2,3,23,2024-07-01,2024-07-30,22.5,24.290000915527344,time,21,0.08614245321558199,0.0038285534762480884,-0.07955559624565978,-0.006853114227629471,0.0004993585952423015,0.0022952633529505014,-0.0008596416701566001,1.5,-0.010507377845978874,-0.1219767658541472
ALMS,train,2,3,23,2024-07-02,2024-07-31,12.5,12.300000190734863,time,21,0.08673380133757383,0.006938704107005906,0.015999984741210893,0.0013877394979484028,0.0004825802050926916,0.0021222935088079545,0.0017013317357458396,1.5,0.0004841975197935964,0.005582570028368374
WBTN,train,4,5,25,2024-07-03,2024-08-01,19.8700008392334,20.56999969482422,time,21,0.0875336799900195,0.004405318384143391,-0.03522892934199939,-0.003083717827413577,0.0004976260601285928,0.0022835282513807317,-0.0013592119202515945,1.5,-0.007224084059174496,-0.08252919401992671
