run_id,kind,trades,cagr,sharpe,max_dd,profit_factor,win_rate,mean_trade,boot_p,worst_year_sharpe,daily_sr,n_days,skew,kurt,avg_gross,yearly_sharpe,yearly_return,family,feature_set,threshold_mode,oos_ic_mean,oos_ic_by_year,candidates_taken_pct
B_all_candidates,baseline,426,-8.06,-0.366,-61.59,0.733,50.7,-0.95,0.377,-1.341,-0.0230364287830727,1638,-0.2391710600856383,7.5967969597664196,41.4,"{""2020"": -1.341, ""2021"": -1.19, ""2022"": -0.273, ""2023"": -1.103, ""2024"": -0.153, ""2025"": 1.358, ""2026"": 1.238}","{""2020"": -28.29, ""2021"": -31.15, ""2022"": -2.55, ""2023"": -10.05, ""2024"": -3.57, ""2025"": 21.96, ""2026"": 13.67}",,,,,,
B_phase1_R9,baseline,292,1.09,0.148,-41.4,1.055,53.8,0.49,0.739,-1.154,0.009307824476083687,1619,-0.2703996634311929,10.660038457286062,28.8,"{""2020"": -1.154, ""2021"": -0.435, ""2022"": 0.904, ""2023"": 0.42, ""2024"": 0.427, ""2025"": 0.527, ""2026"": 2.609}","{""2020"": -18.55, ""2021"": -12.76, ""2022"": 5.48, ""2023"": 2.48, ""2024"": 4.34, ""2025"": 6.61, ""2026"": 25.52}",,,,,,
M_logit_ipo_fixed,trial,231,-0.81,0.001,-36.8,0.95,55.0,0.41,0.99,-1.398,7.915177824098015e-05,1635,-0.16040966905474682,8.501713653129666,20.2,"{""2020"": -1.398, ""2021"": -0.735, ""2022"": 0.657, ""2023"": 0.095, ""2024"": -0.35, ""2025"": 1.258, ""2026"": 1.749}","{""2020"": -19.91, ""2021"": -14.11, ""2022"": 3.59, ""2023"": 0.37, ""2024"": -3.69, ""2025"": 14.27, ""2026"": 20.47}",logit,ipo,fixed,0.1093,"{""2020"": -0.117, ""2021"": 0.042, ""2022"": 0.295, ""2023"": 0.207, ""2024"": 0.048, ""2025"": 0.184, ""2026"": 0.105}",27.8
M_logit_ipo_inner,trial,185,1.5,0.192,-28.69,1.124,55.1,1.14,0.616,-1.398,0.012093521304698476,1629,-0.41492794037822717,8.613723255409939,16.1,"{""2020"": -1.398, ""2021"": -1.357, ""2022"": 0.731, ""2023"": 0.095, ""2024"": 0.603, ""2025"": 0.931, ""2026"": 2.577}","{""2020"": -19.91, ""2021"": -7.05, ""2022"": 4.45, ""2023"": 0.37, ""2024"": 6.55, ""2025"": 13.36, ""2026"": 16.83}",logit,ipo,inner,0.1093,"{""2020"": -0.117, ""2021"": 0.042, ""2022"": 0.295, ""2023"": 0.207, ""2024"": 0.048, ""2025"": 0.184, ""2026"": 0.105}",23.2
M_logit_regime_fixed,trial,197,-8.69,-0.598,-51.73,0.559,42.1,-3.66,0.125,-2.146,-0.03769428918298106,1610,-0.9094459467691091,16.661683486576017,20.1,"{""2020"": -1.095, ""2021"": -2.146, ""2022"": -0.437, ""2023"": 0.058, ""2024"": 0.426, ""2025"": -0.273, ""2026"": 0.692}","{""2020"": -24.98, ""2021"": -27.01, ""2022"": -3.74, ""2023"": 0.17, ""2024"": 4.54, ""2025"": -2.16, ""2026"": 3.39}",logit,regime,fixed,0.0427,"{""2020"": 0.146, ""2021"": -0.073, ""2022"": 0.01, ""2023"": 0.242, ""2024"": 0.004, ""2025"": -0.06, ""2026"": 0.031}",29.7
M_logit_regime_inner,trial,237,-6.2,-0.383,-45.71,0.691,44.7,-1.65,0.327,-1.279,-0.02411438540222393,1612,-0.5983484606704246,14.239558985739068,24.1,"{""2020"": -1.095, ""2021"": -1.279, ""2022"": -0.416, ""2023"": -0.429, ""2024"": -0.544, ""2025"": -0.599, ""2026"": 1.368}","{""2020"": -24.98, ""2021"": -6.5, ""2022"": -4.1, ""2023"": -3.78, ""2024"": -8.77, ""2025"": -2.59, ""2026"": 15.36}",logit,regime,inner,0.0427,"{""2020"": 0.146, ""2021"": -0.073, ""2022"": 0.01, ""2023"": 0.242, ""2024"": 0.004, ""2025"": -0.06, ""2026"": 0.031}",45.4
M_logit_all_fixed,trial,232,-2.85,-0.142,-44.04,0.848,52.2,-0.11,0.714,-1.094,-0.008945133004156064,1628,-0.4548854861116506,9.929147413363445,20.9,"{""2020"": -0.995, ""2021"": -1.094, ""2022"": -0.154, ""2023"": 0.538, ""2024"": -0.272, ""2025"": 0.574, ""2026"": 3.034}","{""2020"": -21.11, ""2021"": -18.95, ""2022"": -1.68, ""2023"": 3.36, ""2024"": -3.08, ""2025"": 5.33, ""2026"": 24.95}",logit,all,fixed,0.1389,"{""2020"": 0.047, ""2021"": -0.025, ""2022"": 0.312, ""2023"": 0.278, ""2024"": 0.06, ""2025"": 0.173, ""2026"": 0.127}",33.8
M_logit_all_inner,trial,222,-4.24,-0.27,-45.78,0.767,50.9,-1.02,0.468,-1.76,-0.017015844975934787,1626,-0.5783549172000954,10.678694852837852,20.4,"{""2020"": -0.995, ""2021"": -1.76, ""2022"": -0.416, ""2023"": -0.251, ""2024"": -0.179, ""2025"": 0.916, ""2026"": 2.906}","{""2020"": -21.11, ""2021"": -19.33, ""2022"": -4.1, ""2023"": -1.67, ""2024"": -2.27, ""2025"": 12.34, ""2026"": 14.66}",logit,all,inner,0.1389,"{""2020"": 0.047, ""2021"": -0.025, ""2022"": 0.312, ""2023"": 0.278, ""2024"": 0.06, ""2025"": 0.173, ""2026"": 0.127}",33.6
M_gbm_ipo_fixed,trial,249,-1.5,-0.046,-38.29,0.914,53.8,0.51,0.84,-1.914,-0.0029280716867650224,1626,0.16004250548943108,9.157872420880768,22.4,"{""2020"": -1.914, ""2021"": -0.148, ""2022"": 1.24, ""2023"": 0.24, ""2024"": -0.427, ""2025"": 0.304, ""2026"": 1.82}","{""2020"": -26.75, ""2021"": -4.57, ""2022"": 7.14, ""2023"": 1.22, ""2024"": -3.97, ""2025"": 3.05, ""2026"": 20.9}",gbm,ipo,fixed,0.0883,"{""2020"": -0.141, ""2021"": 0.037, ""2022"": 0.206, ""2023"": 0.18, ""2024"": 0.084, ""2025"": 0.092, ""2026"": 0.16}",29.7
M_gbm_ipo_inner,trial,336,-5.74,-0.281,-54.63,0.774,55.1,-0.63,0.476,-1.914,-0.017730547730720796,1631,-0.0495952723797117,10.189808083649378,31.2,"{""2020"": -1.914, ""2021"": -0.837, ""2022"": 1.202, ""2023"": -1.214, ""2024"": -0.213, ""2025"": 0.891, ""2026"": 1.27}","{""2020"": -26.75, ""2021"": -24.2, ""2022"": 6.97, ""2023"": -8.03, ""2024"": -3.09, ""2025"": 13.02, ""2026"": 13.92}",gbm,ipo,inner,0.0883,"{""2020"": -0.141, ""2021"": 0.037, ""2022"": 0.206, ""2023"": 0.18, ""2024"": 0.084, ""2025"": 0.092, ""2026"": 0.16}",69.8
M_gbm_regime_fixed,trial,191,-5.6,-0.454,-42.4,0.658,45.0,-2.19,0.157,-1.225,-0.02857939825479898,1652,-0.5234980623815801,14.442012292949896,19.3,"{""2020"": -1.138, ""2021"": -1.225, ""2022"": 0.164, ""2023"": -1.036, ""2024"": -0.207, ""2025"": -0.615, ""2026"": 1.037}","{""2020"": -20.13, ""2021"": -10.54, ""2022"": 0.18, ""2023"": -3.6, ""2024"": -3.01, ""2025"": -6.83, ""2026"": 9.83}",gbm,regime,fixed,0.0448,"{""2020"": -0.01, ""2021"": -0.006, ""2022"": -0.013, ""2023"": 0.252, ""2024"": 0.111, ""2025"": 0.013, ""2026"": -0.034}",22.4
M_gbm_regime_inner,trial,227,-4.53,-0.318,-38.0,0.745,47.6,-2.05,0.289,-1.284,-0.02001142778595807,1652,-0.3908883253152858,11.363751403797608,22.5,"{""2020"": -1.138, ""2021"": -1.284, ""2022"": null, ""2023"": -0.351, ""2024"": -0.162, ""2025"": -0.042, ""2026"": 1.037}","{""2020"": -20.13, ""2021"": -9.19, ""2022"": 0.0, ""2023"": -2.8, ""2024"": -3.73, ""2025"": -1.1, ""2026"": 9.83}",gbm,regime,inner,0.0448,"{""2020"": -0.01, ""2021"": -0.006, ""2022"": -0.013, ""2023"": 0.252, ""2024"": 0.111, ""2025"": 0.013, ""2026"": -0.034}",30.6
M_gbm_all_fixed,trial,287,-8.68,-0.553,-59.02,0.646,50.2,-2.29,0.159,-1.756,-0.03484427957701589,1637,-0.2266161925781718,7.237606011670979,26.8,"{""2020"": -1.756, ""2021"": -1.315, ""2022"": 0.359, ""2023"": -0.379, ""2024"": -0.79, ""2025"": -0.243, ""2026"": 1.67}","{""2020"": -27.56, ""2021"": -26.67, ""2022"": 2.03, ""2023"": -1.51, ""2024"": -8.6, ""2025"": -4.36, ""2026"": 18.61}",gbm,all,fixed,0.0509,"{""2020"": -0.162, ""2021"": -0.012, ""2022"": 0.122, ""2023"": 0.176, ""2024"": 0.063, ""2025"": 0.097, ""2026"": 0.072}",31.1
M_gbm_all_inner,trial,351,-6.44,-0.319,-53.84,0.752,51.0,-1.2,0.44,-1.756,-0.020120990363556353,1633,-0.3217071760388539,9.48726564394456,33.1,"{""2020"": -1.756, ""2021"": -0.859, ""2022"": -0.173, ""2023"": -0.087, ""2024"": -0.153, ""2025"": 0.499, ""2026"": 1.94}","{""2020"": -27.56, ""2021"": -24.28, ""2022"": -1.68, ""2023"": -0.43, ""2024"": -3.58, ""2025"": 6.47, ""2026"": 17.69}",gbm,all,inner,0.0509,"{""2020"": -0.162, ""2021"": -0.012, ""2022"": 0.122, ""2023"": 0.176, ""2024"": 0.063, ""2025"": 0.097, ""2026"": 0.072}",66.1
