run_id,round,name,hedge,stop,target,hold,size,vol_target,params,timestamp,train_trades,train_cagr,train_sharpe,train_max_dd,train_profit_factor,train_win_rate,train_mean_trade,train_worst_trade,train_pct_years_pos,train_boot_p,train_avg_gross,train_pct_stopped,train_daily_sr,train_n_days,train_skew,train_kurt,train_yearly,validation_trades,validation_cagr,validation_sharpe,validation_max_dd,validation_profit_factor,validation_win_rate,validation_mean_trade,validation_worst_trade,validation_pct_years_pos,validation_boot_p,validation_avg_gross,validation_pct_stopped,validation_daily_sr,validation_n_days,validation_skew,validation_kurt,validation_yearly
R1_base_d3,R1,base_d3,False,,,21,0.07,,"{""entry_day"": 3}",2026-09-28T18:26:04,118,-6.32,-0.444,-22.83,0.766,41.5,-1.94,-159.3,50.0,0.483,23.0,0.0,-0.0279585115836364,709,0.1429548328919602,10.014919957754644,"{""2021"": 2.85, ""2022"": 3.58, ""2023"": -14.35, ""2024"": -8.84}",155,1.46,0.172,-14.23,1.042,52.3,0.34,-69.2,66.7,0.767,42.2,0.0,0.0108157648016086,507,-0.1295798990713718,5.831077634763776,"{""2024"": -11.84, ""2025"": 10.77, ""2026"": 5.45}"
R1_base_d3_H,R1,base_d3_H,True,,,21,0.07,,"{""entry_day"": 3}",2026-09-28T18:26:09,118,-0.66,0.009,-19.2,0.972,52.5,0.0,-161.8,75.0,0.941,22.8,0.0,0.0005518246245109,709,0.1720790716510528,10.736584958805691,"{""2021"": 10.68, ""2022"": 0.01, ""2023"": -11.84, ""2024"": 0.58}",156,13.65,0.782,-17.06,1.44,58.3,2.47,-63.6,66.7,0.218,42.2,0.0,0.0492805737775948,507,0.0480563986528126,7.044248654140947,"{""2024"": -8.31, ""2025"": 20.81, ""2026"": 16.88}"
R2_entry_d6,R2,entry_d6,False,,,21,0.07,,"{""entry_day"": 6}",2026-09-28T18:26:56,86,-2.82,-0.226,-18.65,0.833,46.5,-1.18,-41.5,50.0,0.654,16.8,0.0,-0.0142493796976148,709,0.7351790182713474,13.303773267013009,"{""2021"": 0.06, ""2022"": 8.72, ""2023"": -5.66, ""2024"": -10.12}",129,-8.35,-0.373,-23.98,0.716,49.6,-1.8,-80.0,33.3,0.568,36.4,0.0,-0.0234716573423431,506,0.0394966525331031,7.1746656880693305,"{""2024"": -5.79, ""2025"": -11.14, ""2026"": 0.21}"
R2_entry_d6_H,R2,entry_d6_H,True,,,21,0.07,,"{""entry_day"": 6}",2026-09-28T18:26:58,87,0.17,0.066,-10.17,1.012,46.0,0.16,-39.0,50.0,0.914,16.9,0.0,0.0041469985629181,709,0.8637914026943658,15.877950762644751,"{""2021"": 2.76, ""2022"": 4.05, ""2023"": -4.26, ""2024"": -1.84}",130,0.79,0.132,-14.25,1.033,51.5,0.26,-73.8,33.3,0.889,36.5,0.0,0.0083237811385086,506,0.2394112286147184,8.389912271330076,"{""2024"": -2.57, ""2025"": -3.47, ""2026"": 8.02}"
R2_entry_d11,R2,entry_d11,False,,,21,0.07,,"{""entry_day"": 11}",2026-09-28T18:27:00,77,-4.67,-0.423,-26.61,0.738,50.6,-2.21,-70.1,25.0,0.517,15.2,0.0,-0.0266415557746182,709,0.8986786727551402,18.886139305128285,"{""2021"": 11.22, ""2022"": -7.94, ""2023"": -4.09, ""2024"": -11.03}",119,0.15,0.09,-20.81,1.005,52.9,0.14,-66.4,66.7,0.897,32.7,0.0,0.0056896466753309,498,-0.1552611774015075,7.292078463361408,"{""2024"": 1.03, ""2025"": -15.34, ""2026"": 17.26}"
R2_entry_d11_H,R2,entry_d11_H,True,,,21,0.07,,"{""entry_day"": 11}",2026-09-28T18:27:05,78,-1.41,-0.094,-22.46,0.91,52.6,-0.45,-71.0,25.0,0.864,15.2,0.0,-0.0059220747878747,709,1.3303329977210876,19.23088129677928,"{""2021"": 16.58, ""2022"": -10.58, ""2023"": -2.3, ""2024"": -5.67}",119,8.43,0.65,-9.64,1.327,55.5,2.0,-72.2,66.7,0.346,32.5,0.0,0.0409672879877392,498,0.1107127074040232,7.334323167868026,"{""2024"": 3.49, ""2025"": -6.99, ""2026"": 22.01}"
R2_entry_d22,R2,entry_d22,False,,,21,0.07,,"{""entry_day"": 22}",2026-09-28T18:27:10,69,2.75,0.342,-15.92,1.22,49.3,1.82,-53.4,50.0,0.566,13.3,0.0,0.0215374186345353,709,0.9259042430360058,11.02064118658946,"{""2021"": 5.48, ""2022"": 12.56, ""2023"": -2.86, ""2024"": -6.4}",101,-1.52,-0.018,-21.52,0.948,56.4,-0.17,-180.2,33.3,0.977,29.2,0.0,-0.0011184821416675,482,-0.1696134343647312,7.221630644761721,"{""2024"": -2.75, ""2025"": -10.1, ""2026"": 11.05}"
R2_entry_d22_H,R2,entry_d22_H,True,,,21,0.07,,"{""entry_day"": 22}",2026-09-28T18:27:15,69,2.97,0.401,-14.38,1.243,50.7,1.96,-57.5,75.0,0.484,13.3,0.0,0.0252661342372462,709,0.7437285946639046,9.38777584004822,"{""2021"": 8.89, ""2022"": 3.3, ""2023"": 0.56, ""2024"": -3.99}",101,1.17,0.156,-15.95,1.041,56.4,0.49,-167.1,33.3,0.762,29.1,0.0,0.0098000371282941,482,-0.6433529308725446,7.703792633151009,"{""2024"": -1.88, ""2025"": -3.41, ""2026"": 7.9}"
R3_hot31_d6,R3,hot31_d6,False,,,21,0.07,,"{""entry_day"": 6, ""hot_count_min"": 31}",2026-09-28T18:28:11,29,-0.71,-0.064,-10.31,0.857,48.3,-0.91,-29.0,75.0,0.824,5.8,0.0,-0.0040423621459863,695,1.873341243810568,44.25363316990746,"{""2021"": 0.06, ""2022"": 3.07, ""2023"": 0.22, ""2024"": -5.15}",77,-3.06,-0.15,-15.86,0.835,48.1,-0.93,-45.1,33.3,0.842,23.8,0.0,-0.009476589798591,453,-0.1234067958339933,6.634580844480737,"{""2024"": -3.73, ""2025"": -4.51, ""2026"": 2.84}"
R3_hot31_d6_H,R3,hot31_d6_H,True,,,21,0.07,,"{""entry_day"": 6, ""hot_count_min"": 31}",2026-09-28T18:28:13,30,1.28,0.219,-10.1,1.331,53.3,1.69,-24.0,75.0,0.263,6.0,0.0,0.013823847581214,695,2.0462270743306177,51.06003296647789,"{""2021"": 2.76, ""2022"": 1.95, ""2023"": 0.72, ""2024"": -1.82}",77,1.69,0.195,-9.71,1.11,53.2,0.63,-41.1,66.7,0.784,23.8,0.0,0.0122901803402784,453,-0.3048426276433141,6.423438502277735,"{""2024"": -1.46, ""2025"": 0.37, ""2026"": 4.21}"
R3_rng26_d6,R3,rng26_d6,False,,,21,0.07,,"{""entry_day"": 6, ""d1_range_min"": 0.257}",2026-09-28T18:28:15,16,5.36,0.968,-6.54,3.364,62.5,12.19,-21.8,75.0,0.097,3.2,0.0,0.0609783376708079,636,2.011091759246138,29.44329138413898,"{""2021"": 6.71, ""2022"": 6.71, ""2023"": 0.79, ""2024"": -0.55}",24,-6.12,-0.429,-17.41,0.435,50.0,-6.27,-80.0,0.0,0.389,8.3,0.0,-0.0269992083576275,432,-0.332756678258254,17.66404886416326,"{""2024"": -1.17, ""2025"": -7.87, ""2026"": -1.55}"
R3_rng26_d6_H,R3,rng26_d6_H,True,,,21,0.07,,"{""entry_day"": 6, ""d1_range_min"": 0.257}",2026-09-28T18:28:18,16,4.8,0.872,-6.59,3.399,68.8,10.88,-20.6,75.0,0.084,3.2,0.0,0.0549482898209602,636,2.384772698125458,35.61463900377423,"{""2021"": 7.07, ""2022"": 4.8, ""2023"": 0.58, ""2024"": -0.24}",24,-2.0,-0.095,-14.14,0.76,50.0,-1.92,-73.8,0.0,0.853,8.3,0.0,-0.0059683730975614,432,-0.098431129879554,18.634893225334544,"{""2024"": -0.58, ""2025"": -2.71, ""2026"": -0.18}"
R3_hot25_rng19_d6,R3,hot25_rng19_d6,False,,,21,0.07,,"{""entry_day"": 6, ""hot_count_min"": 25, ""d1_range_min"": 0.186}",2026-09-28T18:28:19,18,3.61,0.501,-11.36,2.584,66.7,8.77,-25.5,50.0,0.422,3.4,0.0,0.0315781766487017,690,3.648596295997663,59.50457391873847,"{""2021"": 12.18, ""2022"": 0.76, ""2023"": 0.0, ""2024"": -2.46}",34,-9.16,-0.671,-23.83,0.352,44.1,-7.26,-80.0,0.0,0.141,10.8,0.0,-0.0422798908311356,462,-0.434196921314386,12.96733829758114,"{""2024"": -3.05, ""2025"": -12.12, ""2026"": -1.72}"
R3_hot25_rng19_d6_H,R3,hot25_rng19_d6_H,True,,,21,0.07,,"{""entry_day"": 6, ""hot_count_min"": 25, ""d1_range_min"": 0.186}",2026-09-28T18:28:22,18,3.97,0.543,-11.42,3.224,72.2,9.39,-18.9,50.0,0.393,3.4,0.0,0.0341831759519986,690,3.5381784428613225,60.927165101739554,"{""2021"": 12.85, ""2022"": 0.53, ""2023"": 0.0, ""2024"": -1.88}",34,-4.25,-0.275,-17.52,0.621,47.1,-3.23,-73.8,33.3,0.6,10.8,0.0,-0.0173394527926127,462,-0.1813450897672003,14.197338390981804,"{""2024"": -1.96, ""2025"": -5.98, ""2026"": 0.13}"
R3_hot25_rng19_d11,R3,hot25_rng19_d11,False,,,21,0.07,,"{""entry_day"": 11, ""hot_count_min"": 25, ""d1_range_min"": 0.186}",2026-09-28T18:28:23,14,4.11,0.808,-4.35,5.595,85.7,11.95,-26.1,50.0,0.172,2.6,0.0,0.0508924890080012,695,3.636296043188944,45.79933269977975,"{""2021"": 11.78, ""2022"": 1.59, ""2023"": 0.0, ""2024"": -1.54}",29,-1.98,-0.189,-9.87,0.782,51.7,-1.6,-63.2,66.7,0.827,9.2,0.0,-0.0119052340808587,426,-0.5098784275849785,8.629294046230962,"{""2024"": 0.38, ""2025"": -4.59, ""2026"": 0.91}"
R3_hot25_rng19_d11_H,R3,hot25_rng19_d11_H,True,,,21,0.07,,"{""entry_day"": 11, ""hot_count_min"": 25, ""d1_range_min"": 0.186}",2026-09-28T18:28:28,14,4.51,0.844,-3.81,8.076,78.6,13.05,-21.3,50.0,0.126,2.6,0.0,0.0531493743758354,695,4.111938493789095,50.903764749000686,"{""2021"": 13.21, ""2022"": 0.85, ""2023"": 0.0, ""2024"": -1.03}",29,2.15,0.303,-8.08,1.285,58.6,1.84,-56.8,100.0,0.676,9.2,0.0,0.0191101280466868,426,-0.0345039437522377,9.492855425030823,"{""2024"": 0.16, ""2025"": 2.73, ""2026"": 0.77}"
R4_bd_d1low,R4,bd_d1low,False,,,21,0.07,,"{""from_day"": 2, ""breakdown"": ""d1_low""}",2026-09-28T18:28:54,65,2.19,0.263,-15.11,1.174,53.8,1.48,-58.8,50.0,0.62,12.5,0.0,0.0165615141839072,705,0.5937714417719239,11.990518811909034,"{""2021"": -3.24, ""2022"": 4.12, ""2023"": -0.66, ""2024"": 6.19}",105,3.63,0.304,-11.59,1.163,52.4,1.13,-46.3,66.7,0.631,29.5,0.0,0.0191481714200597,501,-0.0591965552550128,6.758605392468685,"{""2024"": -2.74, ""2025"": 2.36, ""2026"": 7.85}"
R4_bd_d1low_H,R4,bd_d1low_H,True,,,21,0.07,,"{""from_day"": 2, ""breakdown"": ""d1_low""}",2026-09-28T18:28:59,65,6.22,0.717,-12.1,1.583,56.9,3.86,-51.1,100.0,0.202,12.4,0.0,0.0451605481855697,705,0.412640090724864,10.303002035963202,"{""2021"": 4.01, ""2022"": 2.14, ""2023"": 1.04, ""2024"": 10.32}",105,10.28,0.751,-12.46,1.565,61.0,2.79,-40.5,66.7,0.278,29.4,0.0,0.0472917539870509,501,-0.1365172903196818,8.124447488420449,"{""2024"": -0.64, ""2025"": 9.63, ""2026"": 11.61}"
R4_bd_low5,R4,bd_low5,False,,,21,0.07,,"{""from_day"": 6, ""breakdown"": ""low5""}",2026-09-28T18:29:04,68,-2.02,-0.151,-21.57,0.869,54.4,-1.04,-71.2,25.0,0.777,12.8,0.0,-0.0094814543024654,719,0.1779214522716319,21.542234829704505,"{""2021"": 8.25, ""2022"": -2.37, ""2023"": -3.48, ""2024"": -7.52}",106,-9.72,-0.523,-31.46,0.684,47.2,-2.48,-148.5,66.7,0.441,30.7,0.0,-0.0329753164100873,495,-0.3880828370159095,5.531862513343594,"{""2024"": 0.2, ""2025"": -24.68, ""2026"": 8.3}"
R4_bd_low5_H,R4,bd_low5_H,True,,,21,0.07,,"{""from_day"": 6, ""breakdown"": ""low5""}",2026-09-28T18:29:09,68,-0.27,0.016,-18.76,0.981,60.3,-0.01,-71.0,25.0,0.987,12.8,0.0,0.0009793793607968,719,0.6010932503973598,16.316103276577383,"{""2021"": 12.39, ""2022"": -5.98, ""2023"": -2.46, ""2024"": -3.73}",107,-1.72,-0.052,-22.18,0.934,55.1,-0.33,-122.7,66.7,0.909,30.8,0.0,-0.0032704553108353,495,-0.3881776958006305,5.848447803317673,"{""2024"": 2.38, ""2025"": -15.86, ""2026"": 12.18}"
R4_bd_offer,R4,bd_offer,False,,,21,0.07,,"{""from_day"": 2, ""breakdown"": ""offer""}",2026-09-28T18:29:14,66,2.6,0.295,-12.89,1.224,47.0,1.74,-67.4,75.0,0.582,12.7,0.0,0.0186033531941158,710,-0.0959937286282739,11.492813732030914,"{""2021"": -7.52, ""2022"": 9.25, ""2023"": 3.0, ""2024"": 3.3}",81,7.8,0.611,-7.28,1.469,58.0,2.79,-46.4,66.7,0.393,21.8,0.0,0.038504164719286,503,0.6006337549230912,7.940474169519282,"{""2024"": -2.06, ""2025"": 8.05, ""2026"": 9.82}"
R4_bd_offer_H,R4,bd_offer_H,True,,,21,0.07,,"{""from_day"": 2, ""breakdown"": ""offer""}",2026-09-28T18:29:19,66,7.28,0.768,-10.2,1.791,57.6,4.41,-52.0,75.0,0.18,12.6,0.0,0.048391920514703,710,0.2620915847039787,8.879471359573058,"{""2021"": -1.23, ""2022"": 7.7, ""2023"": 6.51, ""2024"": 7.62}",81,8.56,0.724,-6.42,1.545,64.2,3.01,-43.5,66.7,0.198,21.8,0.0,0.0456370755362807,503,0.2111611296411248,9.716270535131423,"{""2024"": -1.32, ""2025"": 7.45, ""2026"": 11.16}"
R5_bd_any,R5,bd_any,False,,,21,0.07,,"{""from_day"": 2, ""breakdown"": [""d1_low"", ""offer""]}",2026-09-28T18:29:58,83,1.01,0.144,-13.78,1.059,48.2,0.69,-58.8,75.0,0.742,15.9,0.0,0.0090793568153285,710,0.4310219215186043,8.515531483853337,"{""2021"": 1.07, ""2022"": 2.09, ""2023"": -2.06, ""2024"": 1.79}",121,0.61,0.121,-11.51,1.022,52.9,0.3,-46.3,66.7,0.837,33.8,0.0,0.0076125104416349,501,-0.098658192059924,6.208169161997107,"{""2024"": -5.91, ""2025"": 2.11, ""2026"": 5.35}"
R5_bd_any_H,R5,bd_any_H,True,,,21,0.07,,"{""from_day"": 2, ""breakdown"": [""d1_low"", ""offer""]}",2026-09-28T18:30:03,83,6.14,0.613,-11.03,1.426,55.4,3.07,-51.1,75.0,0.28,15.8,0.0,0.0385983251005362,710,0.2611738988141134,8.015081191077078,"{""2021"": 8.86, ""2022"": -0.15, ""2023"": 2.02, ""2024"": 6.72}",121,7.87,0.573,-14.18,1.338,59.5,1.9,-40.5,66.7,0.4,33.7,0.0,0.0360947978552084,501,-0.0119557210114622,7.613655182489111,"{""2024"": -3.92, ""2025"": 9.44, ""2026"": 10.63}"
R5_bd_any_hot25,R5,bd_any_hot25,False,,,21,0.07,,"{""from_day"": 2, ""breakdown"": [""d1_low"", ""offer""], ""hot_count_min"": 25}",2026-09-28T18:30:08,57,3.38,0.378,-11.25,1.313,57.9,2.6,-58.8,75.0,0.506,10.6,0.0,0.023824372334392,728,0.7726122802373188,13.52877282600817,"{""2021"": 1.07, ""2022"": 9.99, ""2023"": 0.44, ""2024"": -1.39}",106,4.96,0.375,-11.51,1.227,52.8,1.45,-46.3,66.7,0.588,29.4,0.0,0.0236272408560545,497,0.1742499293761455,6.494203894603932,"{""2024"": -5.77, ""2025"": 2.11, ""2026"": 14.38}"
R5_bd_any_hot25_H,R5,bd_any_hot25_H,True,,,21,0.07,,"{""from_day"": 2, ""breakdown"": [""d1_low"", ""offer""], ""hot_count_min"": 25}",2026-09-28T18:30:13,57,7.8,0.861,-8.6,1.882,64.9,5.61,-51.1,100.0,0.136,10.5,0.0,0.0542345698950336,728,0.5467658858494848,12.90554178142504,"{""2021"": 8.86, ""2022"": 6.81, ""2023"": 3.36, ""2024"": 3.42}",106,11.41,0.851,-14.08,1.62,61.3,3.01,-33.1,66.7,0.218,29.3,0.0,0.0536271919435865,497,-0.1519749032355024,5.768375827420028,"{""2024"": -4.04, ""2025"": 9.44, ""2026"": 17.93}"
R5_bd_any_h10,R5,bd_any_h10,False,,,10,0.07,,"{""from_day"": 2, ""breakdown"": [""d1_low"", ""offer""]}",2026-09-28T18:30:18,83,4.75,0.663,-7.56,1.469,48.2,2.38,-33.6,75.0,0.294,7.3,0.0,0.0417387058583175,699,0.8933826156606434,12.324643335066728,"{""2021"": 7.6, ""2022"": -3.12, ""2023"": 4.46, ""2024"": 4.49}",127,-7.37,-0.575,-20.47,0.726,44.1,-1.6,-92.4,33.3,0.43,16.1,0.0,-0.0362324503379996,502,-0.6475890403993796,9.703934218039242,"{""2024"": -8.17, ""2025"": -8.61, ""2026"": 2.25}"
R5_bd_any_h10_H,R5,bd_any_h10_H,True,,,10,0.07,,"{""from_day"": 2, ""breakdown"": [""d1_low"", ""offer""]}",2026-09-28T18:30:23,83,7.38,1.041,-7.21,1.877,62.7,3.54,-37.8,75.0,0.09,7.3,0.0,0.0655672486876683,699,0.8950634297429685,11.81718590554208,"{""2021"": 11.7, ""2022"": -4.0, ""2023"": 5.65, ""2024"": 7.6}",127,-3.4,-0.249,-17.71,0.86,52.8,-0.67,-84.5,33.3,0.767,16.0,0.0,-0.0156658542810824,502,-0.5782389030283384,9.188457455871818,"{""2024"": -7.49, ""2025"": -4.86, ""2026"": 6.03}"
R6_lead_stop25_H,R6,lead_stop25_H,True,0.25,,21,0.07,,"{""from_day"": 2, ""breakdown"": [""d1_low"", ""offer""], ""hot_count_min"": 25}",2026-09-28T18:30:51,57,6.88,0.921,-7.44,1.756,61.4,5.01,-33.5,100.0,0.095,9.1,21.1,0.0580358381132843,728,0.4696474865140095,17.559324701861055,"{""2021"": 6.85, ""2022"": 5.92, ""2023"": 1.81, ""2024"": 5.21}",109,0.59,0.109,-16.76,1.022,55.0,0.27,-36.6,33.3,0.85,25.9,21.1,0.0068446758091046,497,0.1405217826390866,6.146927746163451,"{""2024"": -8.77, ""2025"": -1.81, ""2026"": 12.94}"
R6_lead_stop40_H,R6,lead_stop40_H,True,0.4,,21,0.07,,"{""from_day"": 2, ""breakdown"": [""d1_low"", ""offer""], ""hot_count_min"": 25}",2026-09-28T18:30:52,57,6.0,0.71,-7.96,1.606,63.2,4.43,-55.0,100.0,0.201,9.9,10.5,0.044694770677287,728,0.1897697316585421,16.209525889671617,"{""2021"": 5.08, ""2022"": 5.07, ""2023"": 2.99, ""2024"": 4.1}",107,-0.05,0.057,-19.11,0.998,57.9,0.13,-50.6,33.3,0.921,27.5,10.3,0.0035708769705266,497,-0.0694782551920485,5.762249388845516,"{""2024"": -8.74, ""2025"": -6.18, ""2026"": 16.68}"
R6_lead_size12_H,R6,lead_size12_H,True,,,21,0.12,,"{""from_day"": 2, ""breakdown"": [""d1_low"", ""offer""], ""hot_count_min"": 25}",2026-09-28T18:30:54,51,12.96,0.918,-8.04,1.947,64.7,6.12,-47.9,100.0,0.118,16.1,0.0,0.0578595502066258,728,0.6790974555788242,12.925460661356055,"{""2021"": 16.65, ""2022"": 9.05, ""2023"": 5.77, ""2024"": 5.76}",91,14.34,0.738,-21.47,1.533,59.3,2.67,-31.6,66.7,0.277,43.3,0.0,0.0464853764788514,497,-0.2930083835162604,6.637822881235412,"{""2024"": -4.08, ""2025"": 11.23, ""2026"": 22.19}"
R6_bdo_hot25_H,R6,bdo_hot25_H,True,,,21,0.07,,"{""from_day"": 2, ""breakdown"": ""offer"", ""hot_count_min"": 25}",2026-09-28T18:30:59,48,2.97,0.372,-10.2,1.391,54.2,2.61,-52.0,75.0,0.52,9.2,0.0,0.0234066203961235,729,0.4790187154735273,12.493864057505457,"{""2021"": -1.23, ""2022"": 3.38, ""2023"": 0.37, ""2024"": 6.21}",73,9.65,0.839,-5.84,1.678,64.4,3.7,-43.5,66.7,0.09,19.6,0.0,0.0528760844678664,499,0.1863272221897412,11.004787711239294,"{""2024"": -1.43, ""2025"": 7.45, ""2026"": 13.36}"
R7_lead_both_H,R7,lead_both_H,True,,,21,0.07,,"{""from_day"": 2, ""breakdown"": [""d1_low"", ""offer""], ""breakdown_all"": true, ""hot_count_min"": 25}",2026-09-28T18:31:31,36,2.71,0.382,-10.56,1.513,52.8,3.17,-52.0,75.0,0.546,7.0,0.0,0.0240940835067936,724,0.6768247250303591,16.63929975513396,"{""2021"": -5.88, ""2022"": 6.26, ""2023"": 2.32, ""2024"": 5.54}",59,10.03,0.884,-6.33,1.845,66.1,4.28,-43.5,100.0,0.115,17.8,0.0,0.055674583987181,449,0.1514878563855599,12.381293007043476,"{""2024"": 0.59, ""2025"": 7.65, ""2026"": 9.59}"
R7_lead_hotpop_H,R7,lead_hotpop_H,True,,,21,0.07,,"{""from_day"": 2, ""breakdown"": [""d1_low"", ""offer""], ""hot_pop_min"": 0.1}",2026-09-28T18:31:34,44,6.59,0.824,-8.65,2.054,61.4,6.1,-43.1,75.0,0.166,8.3,0.0,0.0518958498895584,701,0.6963255913334578,16.994163053468796,"{""2021"": 9.81, ""2022"": 8.11, ""2023"": -0.03, ""2024"": 0.67}",59,15.26,1.072,-7.89,1.718,62.7,3.94,-39.9,100.0,0.229,28.4,0.0,0.0675327436815643,282,0.3291439847795699,5.501996600145173,"{""2025"": 10.13, ""2026"": 6.45}"
R7_lead_late_H,R7,lead_late_H,True,,,21,0.07,,"{""from_day"": 10, ""breakdown"": [""d1_low"", ""offer""], ""hot_count_min"": 25}",2026-09-28T18:31:36,41,6.49,0.882,-9.44,2.166,68.3,6.36,-51.1,75.0,0.129,7.6,0.0,0.055550814030474,718,0.7947851183462009,23.953579734532205,"{""2021"": 4.98, ""2022"": 10.73, ""2023"": 3.18, ""2024"": -0.22}",83,1.23,0.163,-17.13,1.057,57.8,0.58,-103.1,66.7,0.883,23.5,0.0,0.0102812838798154,487,-0.0955519998459131,6.14832374955084,"{""2024"": 0.17, ""2025"": -12.92, ""2026"": 17.4}"
R8_lead_iwm_H,R8,lead_iwm_H,True,,,21,0.07,,"{""from_day"": 2, ""breakdown"": [""d1_low"", ""offer""], ""hot_count_min"": 25}",2026-09-28T18:33:31,57,3.68,0.442,-7.29,1.409,61.4,2.67,-58.9,100.0,0.431,10.6,0.0,0.0278431446641433,728,0.3733169604657442,13.784762904399669,"{""2021"": 1.06, ""2022"": 6.28, ""2023"": 0.99, ""2024"": 2.37}",106,15.6,1.109,-14.46,1.861,63.2,4.07,-33.6,66.7,0.11,29.2,0.0,0.0698806767830723,497,0.2735658637852315,5.7827299757995,"{""2024"": -1.82, ""2025"": 10.69, ""2026"": 22.6}"
R8_hotpop_iwm_H,R8,hotpop_iwm_H,True,,,21,0.07,,"{""from_day"": 2, ""breakdown"": [""d1_low"", ""offer""], ""hot_pop_min"": 0.1}",2026-09-28T18:33:36,44,3.67,0.491,-8.67,1.657,61.4,3.39,-39.1,75.0,0.314,8.3,0.0,0.0309292560389724,701,0.4331533712542166,18.24228084911429,"{""2021"": 3.78, ""2022"": 8.08, ""2023"": -1.61, ""2024"": 0.2}",58,16.61,1.157,-6.74,1.771,62.1,4.36,-40.8,100.0,0.187,28.1,0.0,0.0728560771295252,282,0.2359763279813236,4.96554658163654,"{""2025"": 13.64, ""2026"": 4.52}"
R9_lead_rangesize_H,R9,lead_rangesize_H,True,,,21,0.07,,"{""from_day"": 2, ""breakdown"": [""d1_low"", ""offer""], ""hot_count_min"": 25}",2026-09-28T18:34:20,57,8.31,0.876,-8.32,1.925,64.9,5.61,-51.1,100.0,0.133,12.1,0.0,0.05515953706311176,728,0.7283906232758833,13.57480011761288,"{""2021"": 7.67, ""2022"": 5.48, ""2023"": 2.48, ""2024"": 8.23}",105,13.72,0.982,-11.04,1.693,61.0,2.99,-33.1,66.7,0.143,32.9,0.0,0.06186112659408224,497,-0.03572761495087086,5.981860467587678,"{""2024"": -3.61, ""2025"": 6.61, ""2026"": 25.52}"
R9_lead_hot_or_H,R9,lead_hot_or_H,True,,,21,0.07,,"{""from_day"": 2, ""breakdown"": [""d1_low"", ""offer""], ""hot_count_min"": 25, ""hot_pop_min"": 0.1, ""hot_mode"": ""or""}",2026-09-28T18:34:24,68,6.77,0.72,-8.6,1.561,61.8,4.17,-51.1,100.0,0.21,12.6,0.0,0.045330179070369965,728,0.45988829029944595,10.589600660378991,"{""2021"": 8.86, ""2022"": 6.29, ""2023"": 1.0, ""2024"": 3.42}",113,7.74,0.573,-14.08,1.348,58.4,1.97,-33.1,66.7,0.414,31.7,0.0,0.03609187976734371,497,-0.2807247522936399,7.25140990661742,"{""2024"": -4.04, ""2025"": 9.44, ""2026"": 10.36}"
