symbol,signal_day,entry_day,peak_day,eff,eff_random,gain,fwd21_net
AIP,5,6,25,0.7758432943930731,0.8320366446852286,-0.05619335029215555,-0.1620794419410334
CRDO,23,24,25,0.8888888888888888,0.8123597237798903,0.07652916510899854,0.0733251377654747
CGON,2,3,17,0.7230738607569414,0.8144883597052226,-0.09141449894828124,-0.2518790414294934
MAIA,3,4,3,0.8620332078486602,0.44930237155743613,0.4127308362912241,0.45772295086102815
EXFY,4,5,12,0.8836662302850347,0.7845279868850921,0.0991382433999426,0.13956928187853554
RDDT,2,3,4,0.6287049291490027,0.650972952778327,-0.02226802362932434,0.01968356916018746
SNAL,2,3,2,0.6100917732200893,0.4863990983446488,0.12369267487544056,0.3133071600779249
FGI,2,3,5,0.616,0.5586799995422362,0.05732000045776375,0.18748593547335585
ACRV,2,3,56,0.6489988665990446,0.48937379035564543,0.15962507624339917,0.2224582468724993
GCT,2,3,3,0.8711290051860194,0.25176612907840357,0.6193628761076159,0.6130845660325841
ALAB,2,3,5,0.687952952734374,0.7730936930685175,-0.08514074033414354,-0.10205147054076097
BLZE,3,4,5,0.7161643668396833,0.5886835607763838,0.12748080606329948,0.269204319719497
ATAT,16,17,49,0.5312925200078602,0.555943037291845,-0.02465051728398482,-0.42367142792507134
BLTE,2,3,46,0.2371364698109387,0.4152393670222585,-0.1781028972113198,-0.46887474098508625
RIVN,6,7,5,0.7623000870789082,0.6269565887581656,0.13534349832074255,0.2295506534844987
PTLO,2,3,20,0.7532265169609145,0.714521890382284,0.0387046265786305,0.05921459586093192
TRDA,9,10,15,0.8002713973469583,0.6679986676509312,0.1322727296960271,0.3021665767175492
LB,6,7,61,0.5823996599346576,0.6865223474119023,-0.10412268747724474,-0.30583130148477566
LOAR,6,7,34,0.7201538672814003,0.8333153871389534,-0.11316151985755307,-0.2057279275327289
AIRS,2,3,44,0.7932900546835215,0.7429924404278653,0.050297614255656264,0.24158096708451865
SG,3,4,1,0.7978647605669997,0.5634652948757553,0.23439946569124448,0.3135898414380499
GTLB,9,10,19,0.7956204379562044,0.7871169654122234,0.008503472543980983,0.12209514330821981
AMLX,36,37,35,0.8455552268488922,0.6874962620876294,0.1580589647612628,0.5628487691458558
GENK,2,3,30,0.7273170657274199,0.848624393416614,-0.12130732768919406,-0.31618218982103974
NRDS,2,3,1,0.737804903038123,0.558731875202905,0.17907302783521795,0.3347265611138059
NTRB,8,9,8,0.7159090191125896,0.5239041957456856,0.19200482336690405,0.45114468569908794
SRFM,2,3,1,0.512000002179827,0.33115000179835724,0.18085000038146976,0.38242813277260573
CAVA,2,3,33,0.6540447676074547,0.8126699871166968,-0.15862521950924213,-0.25049971681728245
CNTX,4,5,30,0.7359705689259566,0.5084797664655996,0.22749080246035702,0.4111884503760484
