tau,car_mean,car_median,car_p25,car_p75,vol_ratio_median,n
-70,0.24518741580096465,0.0927843244830916,-0.07669181014033422,0.3236494455402261,0.8412256989151496,925
-69,0.23978977660422446,0.08115852178807381,-0.08501611441242662,0.32074301329511146,0.8353819648765993,925
-68,0.2438384932791142,0.07692872918025051,-0.07837350004009691,0.31028427662456515,0.8428944714175168,925
-67,0.24304517197980574,0.08120989025472447,-0.0734552545903695,0.31029964396575793,0.800772054479526,925
-66,0.2501216979290863,0.0789019028876008,-0.0710809244344881,0.3153783671018485,0.8183803916890808,925
-65,0.24974356648417642,0.08448597777168732,-0.0742246627884866,0.3116449094653083,0.803957972899457,925
-64,0.21879492800979805,0.0781109413089418,-0.07710950867465871,0.283885159290034,0.8561300997403579,925
-63,0.21054571002838476,0.07570260992311217,-0.07745796067404198,0.27567503422412254,0.8398116478408142,925
-62,0.2067064631628288,0.06851084822058395,-0.07043423875973387,0.25950381775377307,0.8472598830485505,925
-61,0.214522149159654,0.0690551922207665,-0.07033540372839808,0.2623175424870158,0.8326583287728639,925
-60,0.21137882423616267,0.06860206566706606,-0.07458984702636351,0.26273908407078495,0.8880081180968717,925
-59,0.18585285366947663,0.06512868846910091,-0.07269618381992293,0.2366016928385697,0.8846681801957229,925
-58,0.1866556984628986,0.06413308707119292,-0.07792500033317329,0.2261683708682125,0.8430797040985769,925
-57,0.18534190765633615,0.06415759817094413,-0.0798724927131339,0.22706798820586238,0.873122338874723,925
-56,0.18601809849612733,0.062076761482721565,-0.07736847053129836,0.22535665218240264,0.8592124450902859,925
-55,0.1790637340067427,0.055366801783282016,-0.0696374159183546,0.2180696908998634,0.8178966492361643,925
-54,0.17888135125208282,0.05399583712688405,-0.07530389505405455,0.22061133839793445,0.8068842631657851,925
-53,0.15709192222171484,0.05574893784875301,-0.07740583688375968,0.22343740518455124,0.79323642607052,925
-52,0.1526102300903255,0.05188710255985407,-0.07957650675735861,0.2202816213294264,0.8161647756744714,925
-51,0.13136009925911424,0.05477710109166911,-0.07054454359746976,0.21116265035239334,0.8046807494984203,925
-50,0.13021368502521838,0.05567469584234208,-0.07055106591256421,0.21233385054115894,0.7763139472712853,925
-49,0.12697057976747742,0.05508926792541735,-0.06317551249674414,0.21338636321882642,0.7809516982425941,925
-48,0.13172216233441628,0.050856570451313754,-0.06388654243853764,0.21137066567233553,0.784491691613888,925
-47,0.12071316871420984,0.044365393940411724,-0.06229550246794979,0.20081382668517034,0.7618244767987961,925
-46,0.12125970398229642,0.05115091271016403,-0.06632223193628384,0.19729408306645047,0.8137002971188589,925
-45,0.11728144602732649,0.04378622537591337,-0.06191311700946689,0.19288869757827065,0.8146167903339763,925
-44,0.11491805749514017,0.04725795384262932,-0.06438351924796604,0.1970714313414904,0.8181126850339471,925
-43,0.11179874142336707,0.04423667745452764,-0.06925838316208266,0.18536648743009243,0.7946753768456988,925
-42,0.1043645355527564,0.037140685049746436,-0.06606368897407144,0.17378437808995872,0.813955890921769,925
-41,0.09507752929838735,0.03218719303573758,-0.06672555690009974,0.16352556131136375,0.7901024110783273,925
-40,0.08908301782974164,0.029037805278228745,-0.0648063379632473,0.1607207204733978,0.7695951826157689,925
-39,0.08590090290805082,0.028227335847525237,-0.05720269009634249,0.15791484894082375,0.7807195668776715,925
-38,0.08218439369359798,0.025125978487283374,-0.05665754470787232,0.1474783370914433,0.8083320265931531,925
-37,0.07677830748696286,0.028215399738891644,-0.058785652853978076,0.1415890710542964,0.8119741312342964,925
-36,0.06921373290739259,0.02762164536253564,-0.057852323147489226,0.13594794795894205,0.8209406848124974,925
-35,0.06930683519948444,0.026265007171858645,-0.05532508203745834,0.12987158700852786,0.7833911990307905,925
-34,0.06835283772613071,0.022690262899983105,-0.0499315624336516,0.12488077071225967,0.803576172871644,925
-33,0.0668026882636582,0.02127641246100942,-0.04345560685398808,0.12977853954674556,0.7823867294489667,925
-32,0.06541816448144677,0.020870730591253328,-0.043535517110318,0.1220803715591896,0.7772188244100386,925
-31,0.06240947329126504,0.02092256821860894,-0.04570297609392704,0.11215185012495443,0.7616606948656426,925
-30,0.0655749933613786,0.018512897595626798,-0.03953988488240312,0.10327142870102335,0.7633442508620274,925
-29,0.05934955019022666,0.01820633603910493,-0.03776326984108214,0.09763075449976055,0.7806266598925695,925
-28,0.0860485923785448,0.014141068781323929,-0.03425359016064822,0.09114954088128069,0.798955541645839,925
-27,0.061147575439125974,0.012732822548410683,-0.030608967968125844,0.0801772833730019,0.8135105404861156,925
-26,0.02882485296422491,0.008767698313817407,-0.03533433733847924,0.06536448647501236,0.8228205223210684,925
-25,0.021175676298498963,0.01173098118539373,-0.03065995023798962,0.0591994540006362,0.8036421320101952,925
-24,0.013092751403342,0.006870552719786538,-0.028441689287693195,0.04646157886432434,0.7804506401470546,925
-23,0.008937079188288835,0.006013152908042718,-0.023073675059935628,0.03778997837949427,0.7730507564328217,925
-22,0.0066278887728166815,0.0038442735285879603,-0.016130025499974554,0.02615498781348058,0.8143780379056034,925
-21,0.0,0.0,0.0,0.0,0.7817834043143737,925
-20,-0.0024324764979750946,-0.003966335637126006,-0.028419724297303328,0.01601716019254429,0.8333490547280571,925
-19,-0.006075888831277926,-0.008735712339170365,-0.04119185184107854,0.02186770200574295,0.8417653594733256,925
-18,-0.006302738218939661,-0.009288597254560105,-0.05156320153558358,0.025965774045948242,0.8124833683170908,925
-17,-0.005531378397951359,-0.012965738872169563,-0.05761015668254155,0.03144279838011277,0.8247077774608873,925
-16,-0.004869959263419486,-0.014350353987808262,-0.06457220411030673,0.034560164018820894,0.8098343549429434,925
-15,-0.00981447315814672,-0.019395447094532448,-0.07590931788491695,0.0362722938120954,0.8264330238477986,925
-14,-0.007755667259042438,-0.015856069098598824,-0.08178840608137583,0.0350639360499313,0.8629043329667174,925
-13,-0.008268706313956507,-0.02176854171590381,-0.0884978777399068,0.03748294937379282,0.8501937915482717,925
-12,-0.008002401696685589,-0.020719302905134684,-0.09959941851846466,0.039084116413811154,0.796328643165421,925
-11,-0.008760334992983284,-0.026108554946680962,-0.10627552779617477,0.0404811411696504,0.8181856081309284,925
-10,-0.011509402454212425,-0.025962261149123367,-0.10902752936610705,0.03945494011510986,0.8239474054124887,925
-9,-0.007922630166529982,-0.025345673993572237,-0.10969932880438615,0.04304281140976518,0.8152691962400793,925
-8,-0.012026175029758049,-0.02684040332825388,-0.12029263186737615,0.04976147393516639,0.8052105275134728,925
-7,-0.017364792108500882,-0.03212024113432588,-0.12366029639041864,0.04769979064970098,0.8210678015099149,925
-6,-0.020574661423905013,-0.03703303129349911,-0.13403933170538385,0.05046627125946013,0.8468142954886222,925
-5,-0.023009914589746373,-0.038298952236017425,-0.13785395277782386,0.05192949425409488,0.8671897289315736,925
-4,-0.020822307316733367,-0.03382653331888197,-0.1463359023308629,0.05800704903820053,0.8589394340409655,925
-3,-0.02016882731640133,-0.03568151198560743,-0.14243315767647602,0.057267419442751155,0.8515722175515295,925
-2,-0.024655189704504334,-0.03594597472564798,-0.1466301459596322,0.05701415216111694,0.875340529911018,925
-1,-0.029645321853086937,-0.0408994875618659,-0.15280606312607503,0.05776519983862127,0.9680892966482758,925
0,-0.02942759159059116,-0.03591979483125751,-0.14880025386469586,0.05720786044203752,1.2006163580000726,925
1,-0.032752280047081174,-0.03822493905120938,-0.15261764333171257,0.06217006456483554,1.1074998339435043,925
2,-0.03253415961920723,-0.04251923985587314,-0.15297052980309145,0.0698117850473946,1.0924195824370373,925
3,-0.03254584046512375,-0.03619706448128568,-0.15113133726725958,0.07119589011096705,1.0769820189041754,925
4,-0.025390394618439196,-0.037278446444612756,-0.1674955508342898,0.08485342353518299,1.0809555701276543,925
5,-0.030381211092770158,-0.044065843057716436,-0.16763866473561717,0.07555560717310439,1.033556654634419,925
6,-0.0350902588830874,-0.042948056156089875,-0.17513701305646623,0.07319266144471737,1.0131350016753151,925
7,-0.027951728768121114,-0.04149467712367749,-0.1789902400753428,0.07258936885033429,0.994087700357076,925
8,-0.026600907234761825,-0.048267183515205536,-0.1808810010249251,0.0747225321959486,1.0265312689795254,925
9,-0.030185230678373743,-0.05173102141147423,-0.18520755575803927,0.08133911728127297,0.9808004251369278,925
10,-0.03293458912037364,-0.046898322757207844,-0.19027101514009015,0.08306408632079165,1.025909561248377,925
11,-0.032854980301453486,-0.046338593859507116,-0.19559504208983736,0.0879557239260047,0.9762552678816192,925
12,-0.037560875973078604,-0.04921159206923753,-0.2002189265055725,0.0867088834192985,1.005172502094232,925
13,-0.0368163947773518,-0.047900357445344266,-0.19041614646111493,0.0839425733199115,0.9788198801081724,925
14,-0.037677534243731874,-0.04822731014005244,-0.190582306392177,0.08453778229027997,0.976003991714536,925
15,-0.03616700558955376,-0.051397496449995916,-0.19101585557891743,0.0830571395527514,1.037170221674061,925
16,-0.039515239306162554,-0.051055369733377765,-0.19781819114994403,0.08402460775777243,0.9473616686370006,925
17,-0.03730205638844655,-0.050677575044687284,-0.19888270105981798,0.08885958473352007,1.0117202828973006,925
18,-0.038965161833947944,-0.05911796568199179,-0.20560912161364275,0.09025371403256277,1.026962396282697,925
19,-0.038980457276204236,-0.06005183384183377,-0.20895566736525462,0.09382655858243227,0.9865295315430632,925
20,-0.04105895872094399,-0.05905393828433736,-0.21413032202270887,0.09181466407357264,0.9683665620017101,925
21,-0.040188652915473716,-0.05980922898516283,-0.21907014463218122,0.09296049901349024,0.9972958130810095,925
22,-0.03945225879553695,-0.06177184059150487,-0.2207075612981363,0.09099997830137929,1.002461994510576,925
23,-0.04142112000964993,-0.06533236918805052,-0.22043712109611457,0.09249145808218173,1.0007984945468276,925
24,-0.04628935901236398,-0.06525297028861776,-0.22546655566790086,0.08640008056138959,1.0216404606806837,925
25,-0.04740659333211384,-0.07097793647414141,-0.23172349764024158,0.0865002472396259,1.0386997355745042,925
26,-0.04701513577977009,-0.06836055663002294,-0.22753233878357637,0.10107370861232567,1.0313674082899191,925
27,-0.0457356420186033,-0.06636332651679666,-0.2314157443531345,0.10745287890787059,1.0361782428130615,925
28,-0.0486037908246574,-0.07489736012705706,-0.2271193986166382,0.10961707153068567,1.0300551470139911,925
29,-0.04852111139068639,-0.07269501884899432,-0.2348906653693349,0.10719831687275061,1.0421341241849573,925
30,-0.046916900959790696,-0.06888029724356026,-0.23473338981880076,0.10269667307996033,1.0493626794203363,925
31,-0.04432016345673419,-0.05979985113684716,-0.23600661195524553,0.1022357887640204,1.0555262373298508,925
32,-0.04787117156697648,-0.07102837324144773,-0.24127003751219167,0.1022967219444062,1.0753905148071583,925
33,-0.047981009518868564,-0.0681157819222783,-0.24530616060633814,0.10378372248795387,1.0910579237905649,925
34,-0.04941182642648202,-0.06417239324775936,-0.24674546272806241,0.10603252817697362,1.0106763243756929,925
35,-0.04998489024280044,-0.06737493039753573,-0.25331485363853146,0.10348578729568914,1.0785074589318508,925
36,-0.05070059751007245,-0.07382723957240511,-0.25692806260560763,0.10455449210282208,1.103547740089822,925
37,-0.05300357032301953,-0.06933349671271272,-0.25544404313295144,0.1053869866910977,1.1003947775234453,925
38,-0.05350306994307171,-0.0743909892253023,-0.2550307018036252,0.10715143545185479,1.190987139098037,925
39,-0.05566825934448738,-0.08356476976200233,-0.25833631270068036,0.10290648904425637,1.144140461319071,925
40,-0.05590485272476114,-0.08622284667001912,-0.28090310986593836,0.1050854641531469,1.0704444323126605,925
