rule,param_family,param_m,param_p,param_k,train_fired,train_fire_rate,train_gain_mean,train_gain_ci_lo,train_gain_ci_hi,train_eff_median,train_eff_mean,train_pct_within_10pct,train_days_from_peak_median,train_entry_day_median,train_fwd21_net_mean,train_fwd21_net_median,validation_fired,validation_fire_rate,validation_gain_mean,validation_gain_ci_lo,validation_gain_ci_hi,validation_eff_median,validation_eff_mean,validation_pct_within_10pct,validation_days_from_peak_median,validation_entry_day_median,validation_fwd21_net_mean,validation_fwd21_net_median,param_vmult,param_r,param_n,selected,train_rank
A_m20_p5_k5,A,0.2,0.05,5.0,84,65.1,3.33,0.66,6.04,78.4,76.1,16.7,-10.0,3.0,1.21,2.46,100,68.0,4.17,2.03,6.44,78.3,75.6,21.0,-5.5,3.0,5.05,8.1,,,,False,8.0
A_m20_p5_k10,A,0.2,0.05,10.0,85,65.9,3.55,0.77,6.25,78.3,76.1,17.6,-10.0,3.0,1.24,2.84,100,68.0,4.17,2.04,6.43,78.3,75.6,21.0,-5.5,3.0,5.05,8.1,,,,False,7.0
A_m20_p10_k5,A,0.2,0.1,5.0,66,51.2,3.81,0.85,7.13,78.0,73.4,0.0,-1.0,3.0,2.22,6.83,86,58.5,3.11,0.88,5.47,77.6,72.8,3.5,-3.0,3.0,4.03,5.68,,,,False,6.0
A_m20_p10_k10,A,0.2,0.1,10.0,69,53.5,3.9,0.83,6.84,77.6,73.5,0.0,-2.0,4.0,1.4,5.98,90,61.2,3.05,0.85,5.41,78.0,73.3,3.3,-3.0,3.0,4.29,5.68,,,,False,5.0
A_m20_p15_k5,A,0.2,0.15,5.0,55,42.6,4.32,0.73,8.17,76.0,70.9,0.0,0.0,4.0,1.55,7.2,69,46.9,2.29,0.01,4.58,74.3,68.6,0.0,1.0,3.0,3.23,6.14,,,,False,3.0
A_m20_p15_k10,A,0.2,0.15,10.0,60,46.5,3.93,0.75,7.27,76.0,71.5,0.0,1.0,4.0,1.92,8.03,76,51.7,1.7,-0.51,4.04,75.3,69.6,0.0,1.0,4.0,2.97,5.87,,,,False,4.0
A_m40_p5_k5,A,0.4,0.05,5.0,53,41.1,5.22,1.68,8.91,75.4,74.7,11.3,-9.0,3.0,5.03,5.1,73,49.7,4.19,1.53,6.78,78.1,74.4,17.8,1.0,3.0,4.49,8.93,,,,False,2.0
A_m40_p5_k10,A,0.4,0.05,10.0,54,41.9,5.43,1.92,9.2,75.4,74.7,11.1,-9.0,3.0,5.13,5.17,73,49.7,4.19,1.78,6.6,78.1,74.4,17.8,1.0,3.0,4.49,8.93,,,,True,1.0
A_m40_p10_k5,A,0.4,0.1,5.0,48,37.2,5.17,1.5,9.35,73.3,73.1,2.1,-1.5,3.0,7.11,9.78,66,44.9,2.85,0.43,5.29,77.0,71.8,1.5,-2.5,3.0,4.64,6.28,,,,False,
A_m40_p10_k10,A,0.4,0.1,10.0,50,38.8,5.24,1.52,9.13,73.3,73.2,2.0,-1.5,3.0,6.57,9.54,68,46.3,2.89,0.46,5.38,77.6,72.1,1.5,-2.5,3.0,4.69,6.28,,,,False,
A_m40_p15_k5,A,0.4,0.15,5.0,40,31.0,6.37,2.02,11.0,73.3,71.3,0.0,-0.5,3.0,8.67,12.03,55,37.4,1.78,-1.04,4.41,74.6,68.2,0.0,1.0,3.0,1.86,5.92,,,,False,
A_m40_p15_k10,A,0.4,0.15,10.0,44,34.1,5.83,1.61,10.47,73.3,71.8,0.0,0.5,3.0,8.08,11.36,60,40.8,1.49,-1.09,3.93,76.4,69.2,0.0,1.0,3.5,1.88,5.65,,,,False,
A_m60_p5_k5,A,0.6,0.05,5.0,33,25.6,8.68,3.55,14.43,75.3,74.0,9.1,-10.0,3.0,11.58,18.75,47,32.0,5.93,2.65,9.17,79.4,71.8,10.6,-9.0,3.0,4.75,5.92,,,,False,
A_m60_p5_k10,A,0.6,0.05,10.0,34,26.4,8.92,3.66,14.34,74.6,73.9,8.8,-9.5,3.0,11.54,18.05,47,32.0,5.93,2.71,9.16,79.4,71.8,10.6,-9.0,3.0,4.75,5.92,,,,False,
A_m60_p10_k5,A,0.6,0.1,5.0,29,22.5,7.79,2.06,14.25,72.7,71.1,0.0,-5.0,4.0,11.1,18.75,42,28.6,4.68,1.16,8.3,78.0,68.7,0.0,-6.0,3.0,4.02,4.87,,,,False,
A_m60_p10_k10,A,0.6,0.1,10.0,31,24.0,7.88,2.11,13.88,72.7,71.5,0.0,-2.0,4.0,11.31,18.43,43,29.3,4.44,1.13,7.88,77.9,69.0,0.0,-6.0,3.0,3.74,4.25,,,,False,
A_m60_p15_k5,A,0.6,0.15,5.0,26,20.2,9.11,2.83,16.18,73.3,70.3,0.0,-2.5,3.5,13.53,22.6,36,24.5,3.46,-0.34,7.17,72.6,65.3,0.0,1.0,3.0,-0.16,5.65,,,,False,
A_m60_p15_k10,A,0.6,0.15,10.0,29,22.5,8.37,2.35,14.81,72.7,70.7,0.0,-2.0,4.0,12.52,18.75,40,27.2,2.74,-0.86,6.07,74.4,66.4,0.0,1.0,3.0,-0.08,3.52,,,,False,
B_v0,B,,,,68,52.7,0.57,-1.27,2.47,80.1,79.1,16.2,-18.5,5.0,-1.42,-2.86,77,52.4,3.33,1.17,5.64,83.5,81.5,29.9,-14.0,5.0,-1.85,0.79,,,,False,9.0
B_v1.5,B,,,,23,17.8,1.82,0.54,3.08,85.1,83.0,39.1,-8.0,18.0,0.32,-3.13,16,10.9,7.27,4.43,10.21,88.8,84.2,37.5,0.0,24.5,6.06,7.4,1.5,,,False,
B_v2.0,B,,,,13,10.1,2.48,1.26,3.81,85.7,80.8,38.5,-7.0,19.0,0.73,-3.13,8,5.4,6.78,2.7,10.44,88.8,86.1,25.0,-2.5,26.0,5.7,-1.36,2.0,,,False,
C_r20,C,,,,26,20.2,4.07,0.76,7.67,74.1,68.1,3.8,2.0,11.5,6.03,9.31,35,23.8,5.4,2.23,8.74,74.6,70.7,11.4,1.0,21.0,5.75,10.13,,0.2,,False,
C_r40,C,,,,9,7.0,5.81,0.04,12.09,53.1,57.4,0.0,2.0,10.0,14.21,23.39,10,6.8,12.55,7.78,17.82,65.4,66.7,10.0,2.0,19.0,6.94,21.65,,0.4,,False,
D_n5,D,,,,69,53.5,-0.2,-1.9,1.54,81.0,77.4,14.5,-5.0,12.0,-2.11,0.83,85,57.8,0.55,-0.9,1.91,79.8,78.2,17.6,6.0,13.0,-0.34,1.87,,,5.0,False,10.0
D_n10,D,,,,55,42.6,-1.31,-2.83,0.16,79.1,76.7,10.9,11.0,17.0,1.18,-0.97,71,48.3,-0.94,-2.47,0.5,79.3,77.0,12.7,11.0,17.0,-0.31,0.29,,,10.0,False,11.0
