symbol,split,signal_day,entry_day,entry_date,strength
ACRV,train,2,3,2022-11-17,0.0
AIP,train,2,3,2021-10-29,0.0
AIRS,train,2,3,2021-11-02,0.0
ALAB,train,2,3,2024-03-22,0.0
AMLX,train,32,33,2022-02-24,0.0
ANRO,train,2,3,2024-02-06,0.0
AS,train,23,24,2024-03-06,0.0
ATAT,train,2,3,2022-11-15,0.0
AURA,train,3,4,2021-11-03,0.0
AVBP,train,2,3,2024-01-30,0.0
BLTE,train,2,3,2022-05-03,0.0
BLZE,train,3,4,2021-11-16,0.0
BOW,train,8,9,2024-06-05,0.0
BRZE,train,2,3,2021-11-19,0.0
CART,train,2,3,2023-09-21,0.0
CAVA,train,2,3,2023-06-20,0.0
CGON,train,2,3,2024-01-29,0.0
CINT,train,2,3,2021-11-12,0.0
CNTX,train,2,3,2021-10-22,0.0
CRDO,train,12,13,2022-02-14,0.0
EXFY,train,2,3,2021-11-12,0.0
FGI,train,2,3,2022-01-27,0.0
FLNC,train,14,15,2021-11-17,0.0
FWRG,train,2,3,2021-10-05,0.0
GCT,train,2,3,2022-08-22,0.0
GENK,train,2,3,2023-06-30,0.0
GFS,train,8,9,2021-11-09,0.0
GPCR,train,2,3,2023-02-07,0.0
GTLB,train,3,4,2021-10-19,0.0
HDL,train,2,3,2024-05-21,0.0
HSAI,train,2,3,2023-02-13,0.0
IMMX,train,19,20,2022-01-13,0.0
LB,train,3,4,2024-07-03,0.0
LOAR,train,2,3,2024-04-29,0.0
MAIA,train,2,3,2022-08-01,0.0
MBLY,train,2,3,2022-10-28,0.0
NBBK,train,2,3,2024-01-02,0.0
NRDS,train,2,3,2021-11-08,0.0
NTRB,train,8,9,2021-10-13,0.0
NXT,train,17,18,2023-03-07,0.0
ODD,train,2,3,2023-07-21,0.0
PACS,train,38,39,2024-06-05,0.0
PEPG,train,2,3,2022-05-10,0.0
PTLO,train,2,3,2021-10-25,0.0
RAPP,train,3,4,2024-06-12,0.0
RDDT,train,2,3,2024-03-25,0.0
RIVN,train,6,7,2021-11-18,0.0
SG,train,2,3,2021-11-22,0.0
SNAL,train,2,3,2022-11-14,0.0
SRFM,train,2,3,2023-07-31,0.0
SVV,train,18,19,2023-07-26,0.0
TBBB,train,35,36,2024-04-02,0.0
TRDA,train,2,3,2021-11-02,0.0
ULS,train,32,33,2024-05-29,0.0
