id,hold,target,stop,trail,sig,thesis,fresh_holdout_trades,fresh_holdout_sharpe,fresh_holdout_cagr,fresh_holdout_max_dd,fresh_holdout_profit_factor,fresh_holdout_mean_trade,fresh_holdout_win_rate,fresh_holdout_daily_sr,fresh_holdout_avg_days,fresh_holdout_reasons,holdout_trades,holdout_sharpe,holdout_cagr,holdout_max_dd,holdout_profit_factor,holdout_mean_trade,holdout_win_rate,holdout_daily_sr,holdout_avg_days,holdout_reasons,train_trades,train_sharpe,train_cagr,train_max_dd,train_profit_factor,train_mean_trade,train_win_rate,train_daily_sr,train_avg_days,train_reasons,objective,mean_sharpe,round
hold=5|target=None|stop=None|trail=None|sig=None|thesis=False,5,,,,,False,82,-0.454,-2.27,-15.36,0.74,-0.7,43.9,-0.028587016186097474,5.0,"{""time"": 82}",205,-0.748,-7.3,-27.94,0.715,-1.43,47.3,-0.047105494912242564,5.0,"{""time"": 205}",54,0.384,1.59,-3.9,1.322,1.83,44.4,0.02418500875219441,5.0,"{""time"": 54}",-0.748,-0.2727,0
hold=7|target=None|stop=None|trail=None|sig=None|thesis=False,7,,,,,False,82,-0.957,-5.43,-24.47,0.566,-2.49,43.9,-0.060298040318597604,7.0,"{""time"": 82}",205,-0.783,-9.17,-31.99,0.696,-1.89,47.8,-0.04930046746633996,7.0,"{""time"": 205}",54,0.703,3.39,-3.77,1.776,3.61,48.1,0.04431158143654127,7.0,"{""time"": 54}",-0.957,-0.3457,1
hold=15|target=0.3|stop=None|trail=None|sig=None|thesis=False,15,0.3,,,,False,82,-0.979,-7.64,-30.26,0.484,-3.75,36.6,-0.06165895764554692,14.34,"{""time"": 76, ""target"": 6}",199,-1.049,-17.75,-49.39,0.555,-2.82,44.7,-0.0660717871811002,14.54,"{""time"": 178, ""target"": 21}",54,0.261,1.55,-10.46,1.186,2.47,57.4,0.01643961402710172,13.15,"{""time"": 43, ""target"": 11}",-1.049,-0.589,1
hold=21|target=0.05|stop=None|trail=None|sig=None|thesis=False,21,0.05,,,,False,82,-1.07,-7.36,-28.63,0.342,-4.34,62.2,-0.06739174894012898,9.54,"{""target"": 55, ""time"": 27}",205,-0.943,-10.47,-27.56,0.607,-1.98,77.1,-0.0594187162866674,6.65,"{""target"": 165, ""time"": 40}",54,0.161,0.61,-6.74,1.16,0.01,79.6,0.010135314202785491,6.24,"{""target"": 47, ""time"": 7}",-1.07,-0.6173,1
hold=21|target=None|stop=None|trail=None|sig=None|thesis=False,21,,,,,False,82,-1.079,-10.35,-39.92,0.436,-5.19,41.5,-0.06797829204901762,21.0,"{""time"": 82}",190,-0.977,-20.32,-53.56,0.549,-3.59,46.3,-0.06153791664511957,21.0,"{""time"": 190}",54,0.561,4.52,-9.56,1.544,5.13,61.1,0.03533958868442036,21.0,"{""time"": 54}",-1.079,-0.4983,0
hold=21|target=0.3|stop=None|trail=None|sig=None|thesis=False,21,0.3,,,,False,82,-1.097,-10.28,-39.49,0.439,-5.08,41.5,-0.06908906355228361,19.79,"{""time"": 74, ""target"": 8}",190,-0.888,-18.19,-50.44,0.6,-2.99,46.3,-0.05594576449976927,19.77,"{""time"": 159, ""target"": 31}",54,0.538,4.15,-9.8,1.5,4.51,61.1,0.033913043248717994,17.83,"{""time"": 37, ""target"": 17}",-1.097,-0.4823,0
hold=21|target=0.4|stop=None|trail=None|sig=None|thesis=False,21,0.4,,,,False,82,-1.099,-10.4,-40.33,0.431,-5.14,41.5,-0.06924944103141248,20.44,"{""time"": 78, ""target"": 4}",190,-0.944,-19.74,-52.96,0.563,-3.36,46.3,-0.05945483631263066,20.83,"{""time"": 183, ""target"": 7}",54,0.547,4.33,-9.8,1.522,4.96,61.1,0.03444284135122163,19.07,"{""time"": 46, ""target"": 8}",-1.099,-0.4987,1
hold=21|target=0.2|stop=None|trail=None|sig=None|thesis=False,21,0.2,,,,False,82,-1.102,-10.14,-40.67,0.427,-4.9,43.9,-0.06943267035107356,17.89,"{""time"": 63, ""target"": 19}",193,-1.023,-19.37,-51.37,0.56,-3.22,48.2,-0.06447340368352478,17.52,"{""time"": 133, ""target"": 60}",54,0.27,1.82,-9.7,1.233,2.28,61.1,0.017011973911379222,15.43,"{""time"": 28, ""target"": 26}",-1.102,-0.6183,0
hold=15|target=None|stop=None|trail=None|sig=None|thesis=False,15,,,,,False,82,-0.999,-7.94,-31.42,0.459,-3.85,36.6,-0.06290286435542287,15.0,"{""time"": 82}",199,-1.109,-18.77,-50.62,0.531,-3.0,44.7,-0.06987198194842746,15.0,"{""time"": 199}",54,0.364,2.36,-10.7,1.282,3.39,57.4,0.0229218550425165,15.0,"{""time"": 54}",-1.109,-0.5813,0
hold=15|target=0.4|stop=None|trail=None|sig=None|thesis=False,15,0.4,,,,False,82,-1.009,-7.93,-31.38,0.462,-3.87,36.6,-0.06356009182512637,14.67,"{""time"": 79, ""target"": 3}",199,-1.113,-18.83,-50.69,0.529,-3.03,44.7,-0.07014132438925914,14.94,"{""time"": 196, ""target"": 3}",54,0.316,1.98,-10.45,1.236,2.97,57.4,0.019929703683253308,13.91,"{""time"": 47, ""target"": 7}",-1.113,-0.602,2
hold=21|target=0.1|stop=None|trail=None|sig=None|thesis=False,21,0.1,,,,False,82,-1.143,-9.7,-37.33,0.392,-4.66,54.9,-0.07198133133852137,13.38,"{""time"": 42, ""target"": 40}",202,-0.529,-8.4,-27.25,0.751,-1.12,65.8,-0.03335529262697465,11.22,"{""target"": 129, ""time"": 73}",54,-0.018,-0.34,-8.24,0.951,-0.51,70.4,-0.0011296494001820489,11.65,"{""target"": 34, ""time"": 20}",-1.143,-0.5633,0
hold=10|target=0.2|stop=None|trail=None|sig=None|thesis=False,10,0.2,,,,False,82,-0.873,-5.78,-26.01,0.535,-2.73,41.5,-0.054977333446880515,9.09,"{""time"": 69, ""target"": 13}",205,-1.158,-15.05,-40.76,0.578,-2.74,44.9,-0.07294236303138614,9.17,"{""time"": 168, ""target"": 37}",54,0.15,0.64,-8.45,1.104,0.68,55.6,0.009467459959665966,8.31,"{""time"": 39, ""target"": 15}",-1.158,-0.627,0
hold=5|target=0.05|stop=None|trail=None|sig=None|thesis=False,5,0.05,,,,False,82,-1.185,-4.84,-17.64,0.409,-2.52,53.7,-0.07467118010756209,3.48,"{""target"": 44, ""time"": 38}",205,-0.575,-3.88,-18.72,0.786,-0.8,68.3,-0.03620506176713047,2.69,"{""target"": 137, ""time"": 68}",54,0.268,0.79,-4.27,1.289,0.65,70.4,0.01690811803026246,3.02,"{""target"": 37, ""time"": 17}",-1.185,-0.4973,1
hold=10|target=0.3|stop=None|trail=None|sig=None|thesis=False,10,0.3,,,,False,82,-0.77,-5.21,-25.31,0.588,-2.42,41.5,-0.04848594897470231,9.71,"{""time"": 76, ""target"": 6}",205,-1.202,-15.88,-41.67,0.557,-2.93,43.9,-0.07569279298140108,9.89,"{""time"": 196, ""target"": 9}",54,0.448,2.28,-8.45,1.368,2.22,57.4,0.028221075397012057,9.17,"{""time"": 43, ""target"": 11}",-1.202,-0.508,2
hold=15|target=0.2|stop=None|trail=None|sig=None|thesis=False,15,0.2,,,,False,82,-1.0,-7.65,-31.45,0.467,-3.62,39.0,-0.06300303079976945,13.23,"{""time"": 65, ""target"": 17}",199,-1.213,-19.36,-50.07,0.516,-3.27,46.2,-0.07639604953092857,13.14,"{""time"": 154, ""target"": 45}",54,0.096,0.41,-10.46,1.051,1.41,57.4,0.006031637201727757,11.85,"{""time"": 36, ""target"": 18}",-1.213,-0.7057,2
hold=10|target=None|stop=None|trail=None|sig=None|thesis=False,10,,,,,False,82,-0.773,-5.28,-26.3,0.579,-2.39,41.5,-0.04866413254003281,10.0,"{""time"": 82}",205,-1.247,-16.43,-42.71,0.542,-3.04,43.9,-0.07856794889560555,10.0,"{""time"": 205}",54,0.628,3.38,-8.45,1.543,3.37,57.4,0.03953375609237951,10.0,"{""time"": 54}",-1.247,-0.464,0
hold=5|target=None|stop=None|trail=None|sig=prev_high|thesis=False,5,,,,prev_high,False,82,-0.818,-3.56,-17.89,0.599,-1.53,36.6,-0.05151646942161413,4.33,"{""signal"": 43, ""time"": 39}",205,-1.289,-9.78,-28.14,0.631,-1.99,42.4,-0.0811787344846304,4.36,"{""signal"": 105, ""time"": 100}",54,-0.112,-0.53,-7.11,0.922,-0.49,35.2,-0.007085390780049867,4.65,"{""time"": 37, ""signal"": 17}",-1.289,-0.7397,1
hold=21|target=None|stop=None|trail=None|sig=ma5|thesis=True,21,,,,ma5,True,82,-1.311,-4.56,-18.35,0.432,-2.57,28.0,-0.08258385794486321,4.65,"{""signal"": 61, ""thesis"": 21}",205,-1.303,-8.94,-25.04,0.606,-1.87,38.5,-0.08205024756756389,4.47,"{""signal"": 140, ""thesis"": 65}",54,-1.197,-3.89,-10.88,0.441,-3.66,25.9,-0.07541779485333443,4.13,"{""signal"": 39, ""thesis"": 15}",-1.311,-1.2703,0
hold=5|target=None|stop=None|trail=None|sig=None|thesis=True,5,,,,,True,82,-0.555,-2.04,-12.19,0.745,-0.79,40.2,-0.034978749531534355,4.12,"{""time"": 53, ""thesis"": 29}",205,-1.359,-9.8,-28.55,0.625,-2.12,40.5,-0.0855983388785596,3.87,"{""time"": 120, ""thesis"": 85}",54,-1.052,-3.67,-11.7,0.52,-3.29,27.8,-0.0662454674489894,3.89,"{""time"": 36, ""thesis"": 18}",-1.359,-0.9887,1
hold=5|target=None|stop=0.1|trail=None|sig=None|thesis=False,5,,0.1,,,False,82,-0.755,-2.96,-15.76,0.672,-1.15,39.0,-0.047531834425095364,4.21,"{""time"": 50, ""stop"": 32}",205,-1.413,-9.97,-27.25,0.602,-2.13,38.5,-0.08901955032617347,3.81,"{""time"": 113, ""stop"": 92}",54,-0.769,-2.51,-9.46,0.603,-2.32,27.8,-0.048444806242076775,3.5,"{""time"": 29, ""stop"": 25}",-1.413,-0.979,1
hold=7|target=None|stop=None|trail=None|sig=prev_high|thesis=False,7,,,,prev_high,False,82,-1.051,-4.66,-20.69,0.523,-2.13,31.7,-0.06623734539484902,5.15,"{""signal"": 61, ""time"": 21}",205,-1.444,-11.4,-29.04,0.582,-2.19,39.0,-0.09097771867010922,5.25,"{""signal"": 139, ""time"": 66}",54,0.195,0.75,-6.11,1.126,1.02,38.9,0.01227380369450406,5.91,"{""time"": 28, ""signal"": 26}",-1.444,-0.7667,2
hold=7|target=None|stop=0.1|trail=None|sig=None|thesis=False,7,,0.1,,,False,82,-0.818,-3.48,-17.38,0.66,-1.3,36.6,-0.05151987498292255,5.4,"{""time"": 46, ""stop"": 36}",205,-1.49,-11.5,-30.65,0.586,-2.4,35.6,-0.09389190753013668,4.88,"{""stop"": 107, ""time"": 98}",54,-0.635,-2.15,-7.97,0.669,-1.95,31.5,-0.03997916151776763,4.57,"{""time"": 29, ""stop"": 25}",-1.49,-0.981,2
hold=7|target=0.05|stop=None|trail=None|sig=None|thesis=False,7,0.05,,,,False,82,-1.509,-6.99,-24.4,0.332,-3.99,56.1,-0.09507487883253049,4.37,"{""target"": 48, ""time"": 34}",205,-0.717,-5.81,-21.62,0.721,-1.21,70.7,-0.04514426938399095,3.34,"{""target"": 146, ""time"": 59}",54,0.399,1.3,-4.16,1.459,0.88,75.9,0.025116949312801756,3.59,"{""target"": 41, ""time"": 13}",-1.509,-0.609,2
hold=21|target=0.3|stop=None|trail=None|sig=prev_high|thesis=False,21,0.3,,,prev_high,False,82,-1.369,-6.23,-24.88,0.411,-3.18,28.0,-0.08623448045159376,5.8,"{""signal"": 79, ""target"": 3}",205,-1.51,-12.22,-31.63,0.56,-2.35,35.6,-0.09511139644860231,6.34,"{""signal"": 192, ""target"": 12, ""time"": 1}",54,0.186,0.73,-6.47,1.111,0.85,44.4,0.011745309879677824,7.37,"{""signal"": 43, ""target"": 11}",-1.51,-0.8977,1
hold=7|target=None|stop=None|trail=None|sig=None|thesis=True,7,,,,,True,82,-0.669,-2.74,-15.97,0.704,-1.18,37.8,-0.042166675646606804,5.38,"{""time"": 48, ""thesis"": 34}",205,-1.532,-11.72,-30.81,0.599,-2.4,37.6,-0.09652179628550242,5.0,"{""time"": 106, ""thesis"": 99}",54,-0.686,-2.58,-9.52,0.661,-2.02,31.5,-0.043203054789163975,5.2,"{""time"": 35, ""thesis"": 19}",-1.532,-0.9623,2
hold=15|target=0.3|stop=None|trail=None|sig=prev_high|thesis=False,15,0.3,,,prev_high,False,82,-1.353,-6.17,-24.56,0.415,-3.14,28.0,-0.08524559037721771,5.77,"{""signal"": 78, ""target"": 3, ""time"": 1}",205,-1.568,-12.68,-32.47,0.544,-2.41,35.1,-0.09874380289201126,6.27,"{""signal"": 189, ""target"": 11, ""time"": 5}",54,0.172,0.66,-6.04,1.103,0.54,46.3,0.010819913711217837,7.2,"{""signal"": 41, ""target"": 10, ""time"": 3}",-1.568,-0.9163,2
hold=5|target=None|stop=None|trail=None|sig=ma5|thesis=False,5,,,,ma5,False,82,-0.865,-3.26,-14.34,0.577,-1.56,32.9,-0.054477642677894476,4.13,"{""signal"": 49, ""time"": 33}",205,-1.583,-11.13,-31.62,0.572,-2.25,44.9,-0.09970178278891208,4.06,"{""signal"": 141, ""time"": 64}",54,-0.028,-0.2,-5.02,0.965,-0.24,35.2,-0.0017519143668881657,4.17,"{""signal"": 36, ""time"": 18}",-1.583,-0.8253,1
hold=21|target=None|stop=None|trail=0.2|sig=None|thesis=False,21,,,0.2,,False,82,-1.584,-9.24,-33.4,0.392,-4.89,31.7,-0.09977963692919269,12.18,"{""trail"": 61, ""time"": 21}",203,-1.584,-16.58,-44.09,0.522,-3.12,35.0,-0.09978624289786192,10.31,"{""trail"": 167, ""time"": 36}",54,-0.576,-2.98,-10.37,0.68,-1.92,40.7,-0.03625697603634781,9.81,"{""trail"": 42, ""time"": 12}",-1.584,-1.248,0
hold=21|target=None|stop=None|trail=None|sig=prev_high|thesis=False,21,,,,prev_high,False,82,-1.325,-6.07,-24.52,0.424,-2.98,28.0,-0.08345408986118404,6.15,"{""signal"": 82}",205,-1.593,-12.93,-32.96,0.536,-2.48,35.6,-0.10035198596750639,6.65,"{""signal"": 202, ""time"": 3}",54,0.201,0.82,-6.47,1.125,1.18,44.4,0.012689525159474748,8.63,"{""signal"": 52, ""time"": 2}",-1.593,-0.9057,0
hold=21|target=0.3|stop=None|trail=None|sig=ma5|thesis=False,21,0.3,,,ma5,False,82,-1.085,-4.23,-17.29,0.486,-2.29,30.5,-0.06836055149671695,5.11,"{""signal"": 79, ""target"": 3}",205,-1.606,-11.86,-32.92,0.54,-2.45,41.0,-0.10117291410193138,4.99,"{""signal"": 198, ""target"": 7}",54,-0.235,-1.02,-5.19,0.82,-1.07,35.2,-0.01477769992893534,4.5,"{""signal"": 48, ""target"": 6}",-1.606,-0.9753,1
hold=15|target=0.3|stop=None|trail=None|sig=ma5|thesis=False,15,0.3,,,ma5,False,82,-1.089,-4.26,-17.29,0.486,-2.29,30.5,-0.06857529523848702,5.11,"{""signal"": 79, ""target"": 3}",205,-1.613,-11.96,-32.92,0.54,-2.45,41.0,-0.10161446211315503,4.99,"{""signal"": 198, ""target"": 7}",54,-0.236,-1.02,-5.19,0.82,-1.07,35.2,-0.014840464107392216,4.5,"{""signal"": 48, ""target"": 6}",-1.613,-0.9793,2
hold=3|target=None|stop=None|trail=None|sig=None|thesis=False,3,,,,,False,82,-0.432,-1.78,-13.39,0.729,-0.73,40.2,-0.02723641500669389,3.0,"{""time"": 82}",205,-1.657,-11.69,-32.51,0.561,-2.14,46.8,-0.10438858075381843,3.0,"{""time"": 205}",54,-0.289,-1.19,-5.02,0.807,-1.47,44.4,-0.018228871177210264,3.0,"{""time"": 54}",-1.657,-0.7927,0
hold=21|target=None|stop=None|trail=None|sig=ma5|thesis=False,21,,,,ma5,False,82,-1.104,-4.4,-17.83,0.465,-2.38,30.5,-0.06955623829651636,5.26,"{""signal"": 82}",205,-1.67,-12.37,-32.98,0.521,-2.55,41.0,-0.10519805961543761,5.13,"{""signal"": 205}",54,-0.159,-0.75,-5.27,0.868,-0.53,35.2,-0.010026052080062783,5.24,"{""signal"": 54}",-1.67,-0.9777,0
hold=15|target=0.3|stop=0.1|trail=None|sig=None|thesis=False,15,0.3,0.1,,,False,82,-1.28,-6.16,-25.49,0.524,-2.91,30.5,-0.08065886163980814,8.59,"{""stop"": 49, ""time"": 27, ""target"": 6}",205,-1.67,-15.89,-40.06,0.525,-3.06,27.3,-0.1052311274612981,7.75,"{""stop"": 139, ""time"": 53, ""target"": 13}",54,-0.847,-3.51,-12.3,0.591,-2.54,33.3,-0.05333483192171281,7.24,"{""stop"": 34, ""time"": 14, ""target"": 6}",-1.67,-1.2657,2
hold=21|target=None|stop=0.15|trail=None|sig=None|thesis=False,21,,0.15,,,False,82,-1.348,-8.32,-32.57,0.467,-3.88,36.6,-0.0849107114412359,14.52,"{""time"": 42, ""stop"": 40}",201,-1.677,-20.31,-50.24,0.504,-4.02,33.3,-0.10563643257930325,12.6,"{""stop"": 117, ""time"": 84}",54,-0.539,-2.91,-10.24,0.726,-1.11,38.9,-0.033939078190768725,12.72,"{""stop"": 29, ""time"": 25}",-1.677,-1.188,0
hold=7|target=None|stop=None|trail=None|sig=ma5|thesis=False,7,,,,ma5,False,82,-1.013,-3.94,-16.42,0.526,-2.04,31.7,-0.06379478258036379,4.77,"{""signal"": 67, ""time"": 15}",205,-1.692,-12.27,-32.7,0.535,-2.48,41.5,-0.10656351616406275,4.61,"{""signal"": 171, ""time"": 34}",54,-0.027,-0.2,-5.1,0.965,0.01,35.2,-0.0016986519363235907,4.72,"{""signal"": 44, ""time"": 10}",-1.692,-0.9107,2
hold=21|target=0.3|stop=0.1|trail=None|sig=None|thesis=False,21,0.3,0.1,,,False,82,-1.307,-6.56,-26.6,0.523,-2.95,31.7,-0.08233534715476999,10.3,"{""stop"": 53, ""time"": 21, ""target"": 8}",205,-1.76,-17.82,-45.11,0.508,-3.32,24.9,-0.11084947521076184,9.12,"{""stop"": 148, ""time"": 39, ""target"": 18}",54,-0.683,-3.03,-10.8,0.651,-1.88,33.3,-0.043048765122548155,8.65,"{""stop"": 35, ""time"": 11, ""target"": 8}",-1.76,-1.25,1
hold=15|target=0.3|stop=None|trail=None|sig=None|thesis=True,15,0.3,,,,True,82,-1.135,-5.33,-22.4,0.549,-2.62,30.5,-0.07148751008807824,8.94,"{""thesis"": 46, ""time"": 31, ""target"": 5}",205,-1.778,-16.59,-42.47,0.515,-3.15,28.8,-0.11201302256965226,8.07,"{""thesis"": 129, ""time"": 59, ""target"": 17}",54,-0.755,-3.33,-11.9,0.644,-2.02,40.7,-0.047546535619724085,8.54,"{""thesis"": 27, ""time"": 19, ""target"": 8}",-1.778,-1.2227,2
hold=21|target=0.3|stop=0.25|trail=None|sig=None|thesis=False,21,0.3,0.25,,,False,82,-1.325,-9.29,-34.07,0.453,-4.6,39.0,-0.08344202722709235,16.98,"{""time"": 51, ""stop"": 23, ""target"": 8}",200,-1.779,-25.47,-59.85,0.484,-5.27,39.5,-0.11204354855726371,14.8,"{""time"": 87, ""stop"": 84, ""target"": 29}",54,-0.225,-1.53,-10.2,0.864,-0.94,48.1,-0.014183067846996893,12.78,"{""time"": 21, ""stop"": 19, ""target"": 14}",-1.779,-1.1097,0
hold=21|target=0.3|stop=None|trail=None|sig=None|thesis=True,21,0.3,,,,True,82,-1.233,-6.04,-24.77,0.529,-2.9,31.7,-0.07769767846357975,10.89,"{""thesis"": 51, ""time"": 24, ""target"": 7}",205,-1.796,-17.99,-44.72,0.527,-3.47,26.8,-0.11316807415266562,9.59,"{""thesis"": 140, ""time"": 40, ""target"": 25}",54,-0.731,-3.41,-11.33,0.676,-1.65,38.9,-0.04604842681515768,10.44,"{""thesis"": 30, ""target"": 12, ""time"": 12}",-1.796,-1.2533,1
hold=21|target=None|stop=0.1|trail=None|sig=None|thesis=False,21,,0.1,,,False,82,-1.243,-6.64,-28.69,0.518,-3.06,31.7,-0.07832721900708525,11.51,"{""stop"": 53, ""time"": 29}",205,-1.842,-19.25,-47.59,0.468,-3.6,24.9,-0.11600807782410805,9.82,"{""stop"": 148, ""time"": 57}",54,-0.555,-2.63,-9.61,0.699,-1.47,33.3,-0.034939464203869425,10.39,"{""stop"": 35, ""time"": 19}",-1.842,-1.2133,1
hold=21|target=None|stop=0.25|trail=None|sig=None|thesis=False,21,,0.25,,,False,82,-1.288,-9.36,-35.73,0.45,-4.7,39.0,-0.08116249499358642,18.18,"{""time"": 59, ""stop"": 23}",200,-1.858,-27.48,-62.86,0.441,-5.76,39.5,-0.11705437440916475,15.88,"{""time"": 116, ""stop"": 84}",54,-0.194,-1.44,-9.83,0.872,-0.56,48.1,-0.01219881111787173,15.65,"{""time"": 35, ""stop"": 19}",-1.858,-1.1133,0
hold=21|target=None|stop=None|trail=None|sig=None|thesis=True,21,,,,,True,82,-1.18,-6.15,-26.11,0.521,-3.04,31.7,-0.07430775924917074,11.87,"{""thesis"": 51, ""time"": 31}",205,-1.908,-19.63,-47.89,0.482,-3.81,26.8,-0.12018024387504735,10.56,"{""thesis"": 140, ""time"": 65}",54,-0.642,-3.23,-11.42,0.694,-1.56,38.9,-0.040437744261085797,12.74,"{""thesis"": 30, ""time"": 24}",-1.908,-1.2433,0
hold=5|target=None|stop=None|trail=0.05|sig=None|thesis=False,5,,,0.05,,False,82,-0.901,-2.11,-8.8,0.578,-1.04,29.3,-0.056726499630483415,2.49,"{""trail"": 79, ""time"": 3}",205,-1.948,-6.95,-17.68,0.538,-1.47,34.6,-0.1226943614269052,1.81,"{""trail"": 202, ""time"": 3}",54,-1.512,-3.03,-8.43,0.337,-2.17,20.4,-0.09524734077695601,1.67,"{""trail"": 53, ""time"": 1}",-1.948,-1.4537,1
hold=21|target=0.2|stop=None|trail=None|sig=None|thesis=True,21,0.2,,,,True,82,-1.299,-6.04,-23.86,0.507,-2.8,34.1,-0.08183357566119424,9.15,"{""thesis"": 51, ""target"": 16, ""time"": 15}",205,-2.05,-18.61,-45.24,0.489,-3.76,28.8,-0.12916764406918194,7.96,"{""thesis"": 137, ""target"": 42, ""time"": 26}",54,-0.87,-3.71,-11.75,0.619,-1.87,40.7,-0.05483526685053223,9.09,"{""thesis"": 28, ""target"": 18, ""time"": 8}",-2.05,-1.4063,0
hold=21|target=None|stop=None|trail=0.05|sig=None|thesis=False,21,,,0.05,,False,82,-0.961,-2.24,-9.39,0.554,-1.12,29.3,-0.06054674523966299,2.52,"{""trail"": 82}",205,-2.071,-7.36,-19.05,0.505,-1.55,33.7,-0.13048609785577725,1.84,"{""trail"": 205}",54,-1.51,-2.99,-8.52,0.335,-2.18,20.4,-0.0950914176369049,1.7,"{""trail"": 54}",-2.071,-1.514,1
hold=21|target=0.3|stop=None|trail=0.05|sig=None|thesis=False,21,0.3,,0.05,,False,82,-0.961,-2.24,-9.39,0.554,-1.12,29.3,-0.06054674523966299,2.52,"{""trail"": 82}",205,-2.071,-7.36,-19.05,0.505,-1.55,33.7,-0.13048609785577725,1.84,"{""trail"": 205}",54,-1.532,-2.98,-8.47,0.338,-2.16,20.4,-0.09649785787959374,1.69,"{""trail"": 53, ""target"": 1}",-2.071,-1.5213,1
hold=15|target=0.3|stop=None|trail=0.05|sig=None|thesis=False,15,0.3,,0.05,,False,82,-0.964,-2.26,-9.39,0.554,-1.12,29.3,-0.060736751174827054,2.52,"{""trail"": 82}",205,-2.081,-7.42,-19.05,0.505,-1.55,33.7,-0.13105944135620204,1.84,"{""trail"": 205}",54,-1.538,-3.0,-8.47,0.338,-2.16,20.4,-0.09691146649182307,1.69,"{""trail"": 53, ""target"": 1}",-2.081,-1.5277,2
hold=7|target=None|stop=None|trail=0.05|sig=None|thesis=False,7,,,0.05,,False,82,-0.968,-2.27,-9.39,0.554,-1.12,29.3,-0.06099289753433923,2.52,"{""trail"": 82}",205,-2.093,-7.51,-19.05,0.505,-1.55,33.7,-0.13183578964338585,1.84,"{""trail"": 205}",54,-1.525,-3.05,-8.52,0.335,-2.18,20.4,-0.0960504206837859,1.7,"{""trail"": 54}",-2.093,-1.5287,2
hold=21|target=None|stop=None|trail=0.1|sig=None|thesis=False,21,,,0.1,,False,82,-1.378,-5.16,-22.2,0.45,-2.46,26.8,-0.08678807585932091,5.5,"{""trail"": 80, ""time"": 2}",205,-2.1,-12.16,-30.09,0.437,-2.34,32.2,-0.13230802657476315,4.03,"{""trail"": 203, ""time"": 2}",54,-1.487,-4.3,-11.96,0.325,-3.46,27.8,-0.09369973457343246,4.09,"{""trail"": 53, ""time"": 1}",-2.1,-1.655,0
hold=21|target=0.2|stop=None|trail=0.15|sig=None|thesis=False,21,0.2,,0.15,,False,82,-1.379,-6.66,-25.72,0.471,-3.13,31.7,-0.08684166567046003,8.29,"{""trail"": 58, ""target"": 14, ""time"": 10}",205,-2.162,-16.67,-39.54,0.456,-3.03,31.7,-0.13617625572962133,6.09,"{""trail"": 170, ""target"": 26, ""time"": 9}",54,-1.11,-3.93,-11.4,0.495,-2.7,25.9,-0.06991134240973598,6.28,"{""trail"": 38, ""target"": 12, ""time"": 4}",-2.162,-1.5503,0
hold=21|target=None|stop=None|trail=0.15|sig=None|thesis=True,21,,,0.15,,True,82,-1.378,-5.99,-24.81,0.45,-2.91,28.0,-0.08677612257323854,8.05,"{""trail"": 44, ""thesis"": 30, ""time"": 8}",205,-2.291,-15.8,-37.78,0.429,-2.96,29.8,-0.14429327160575842,5.77,"{""trail"": 136, ""thesis"": 60, ""time"": 9}",54,-1.106,-3.84,-11.79,0.47,-2.63,25.9,-0.06968002432082966,6.22,"{""trail"": 36, ""thesis"": 14, ""time"": 4}",-2.291,-1.5917,0
hold=21|target=None|stop=None|trail=0.15|sig=None|thesis=False,21,,,0.15,,False,82,-1.473,-7.35,-28.35,0.423,-3.49,30.5,-0.0927724405302191,9.2,"{""trail"": 71, ""time"": 11}",205,-2.316,-18.18,-42.52,0.407,-3.43,31.7,-0.14588275248405588,6.74,"{""trail"": 192, ""time"": 13}",54,-1.027,-3.85,-11.49,0.506,-2.14,27.8,-0.0646768715560061,7.0,"{""trail"": 49, ""time"": 5}",-2.316,-1.6053,0
