entry_day,hold_days,n,ex_median,ex_mean,ex_pct_pos,ex_p,raw_median
1,5,95,-2.52,-1.86,44.2,0.1436,-2.15
1,21,94,-3.95,-3.34,37.2,0.0306,-3.16
1,63,83,-19.12,-13.11,31.3,0.0,-16.54
2,5,95,-2.35,-2.21,33.7,0.0107,-2.57
2,21,92,-5.82,-6.17,32.6,0.0006,-6.38
2,63,83,-20.4,-14.37,31.3,0.0,-15.39
5,5,95,-1.03,0.42,44.2,0.4292,-0.69
5,21,92,-5.19,-4.5,37.0,0.0011,-5.1
5,63,82,-22.14,-14.45,31.7,0.0,-20.37
10,5,94,-1.18,-2.93,40.4,0.0035,-0.56
10,21,91,-5.02,-6.09,35.2,0.003,-5.42
10,63,81,-21.48,-13.61,30.9,0.0001,-16.31
21,5,92,-1.14,-1.33,42.4,0.0638,-0.93
21,21,88,-4.79,-6.38,29.5,0.0001,-4.69
21,63,79,-19.11,-12.96,34.2,0.0001,-19.3
42,5,87,-1.39,0.03,39.1,0.2998,-1.7
42,21,83,-6.95,-6.49,36.1,0.0016,-6.01
42,63,77,-16.42,-12.84,28.6,0.0001,-16.55
63,5,82,-2.1,-1.08,42.7,0.2394,-1.02
63,21,79,-1.64,-1.85,46.8,0.5543,0.91
