day,n,offer_p25,offer_med,offer_p75,d1_med,d1_p25,d1_p75,ex_med,ex_mean,pct_above_offer
1,96,3.67,17.31,35.68,0.0,0.0,0.0,0.0,0.0,79.79
2,96,2.58,19.65,35.61,0.62,-4.5,4.73,0.96,0.84,81.91
3,95,3.12,20.94,36.33,-0.31,-6.84,8.52,-0.12,1.37,79.57
4,95,0.9,20.58,36.06,-1.07,-8.96,7.17,-0.7,0.14,76.34
5,95,2.63,18.95,34.59,-1.28,-11.6,6.91,-1.81,-0.81,79.57
6,95,2.43,18.18,33.04,-2.15,-11.49,7.07,-2.52,-1.86,77.42
7,95,1.52,20.04,31.83,-1.54,-11.17,7.66,-1.18,-1.34,78.49
8,95,3.09,18.18,31.76,-0.86,-11.06,6.33,-1.0,-0.85,77.42
9,95,2.86,17.0,38.7,-2.32,-11.27,7.11,-0.78,-0.75,79.57
10,95,2.61,17.22,34.65,-2.4,-9.72,5.81,-1.56,-0.25,80.65
11,95,2.67,19.23,35.71,-2.05,-11.9,7.4,-2.13,0.05,76.34
12,95,1.75,18.58,35.74,-1.81,-9.75,8.43,-2.03,0.47,76.34
13,94,0.9,17.97,35.03,-2.62,-13.01,7.07,-3.3,-1.66,76.09
14,94,1.62,18.02,35.06,-2.06,-16.5,6.97,-3.66,-2.78,78.26
15,94,0.09,16.22,32.1,-2.45,-16.43,6.04,-3.95,-3.25,76.09
16,94,1.38,15.29,35.56,-3.34,-15.89,6.99,-4.27,-2.93,75.0
17,94,1.6,14.95,32.44,-2.76,-15.78,6.99,-2.05,-2.52,78.26
18,94,2.12,14.81,35.58,-1.16,-16.73,10.05,-2.69,-1.85,79.35
19,94,0.37,14.08,31.12,-1.52,-18.89,8.3,-2.23,-2.61,76.09
20,94,0.73,14.05,31.66,-1.56,-17.95,8.57,-2.9,-2.18,75.0
21,94,-0.53,16.01,35.06,-3.37,-18.04,7.77,-4.14,-2.86,73.91
22,94,-0.83,17.18,30.78,-3.16,-17.9,7.86,-3.95,-3.34,68.48
23,92,-2.15,15.03,31.62,-4.29,-21.14,6.09,-5.13,-4.76,71.11
24,92,-1.52,15.97,32.41,-5.58,-18.0,6.69,-5.63,-4.49,71.11
25,92,-3.49,15.86,31.18,-6.01,-18.26,7.72,-5.29,-5.07,66.67
26,92,-5.33,14.56,32.96,-6.98,-19.37,7.02,-6.17,-4.76,68.89
27,91,-6.93,15.54,31.12,-6.27,-19.01,8.49,-6.39,-5.28,65.17
28,91,-6.89,12.11,31.25,-6.21,-21.59,8.03,-8.02,-5.17,64.04
29,91,-7.0,14.36,32.67,-6.39,-20.6,7.72,-6.95,-5.19,65.17
30,91,-6.55,11.24,32.96,-6.78,-22.08,9.83,-7.39,-5.73,64.04
31,91,-7.5,12.8,33.52,-8.57,-24.15,10.65,-9.18,-6.31,65.17
32,91,-11.08,10.98,30.23,-7.45,-25.77,11.27,-8.55,-7.26,65.17
33,91,-9.8,8.29,31.88,-7.07,-26.67,9.82,-9.8,-7.64,58.43
34,91,-9.87,5.63,31.04,-7.28,-24.39,10.91,-9.74,-7.93,60.67
35,90,-12.62,5.11,33.48,-11.32,-24.78,10.43,-11.87,-8.27,60.23
36,90,-9.78,4.01,33.8,-11.55,-26.82,11.08,-11.22,-8.44,59.09
37,90,-11.88,4.15,29.92,-8.94,-25.68,10.76,-11.91,-8.94,57.95
38,90,-12.86,5.73,32.58,-10.53,-26.89,10.63,-10.82,-8.47,60.23
39,89,-11.52,6.9,33.16,-8.94,-25.19,9.84,-10.1,-8.84,60.92
40,89,-11.93,5.29,33.79,-10.32,-25.96,10.28,-11.54,-9.66,58.62
41,88,-12.48,3.89,35.68,-12.43,-27.78,9.66,-12.89,-9.43,55.81
42,88,-11.13,2.63,38.72,-12.3,-30.36,10.34,-12.77,-10.04,55.81
43,88,-12.97,2.01,37.23,-12.96,-32.5,13.92,-13.41,-10.4,56.98
44,88,-15.01,3.43,38.38,-13.42,-32.26,12.68,-14.2,-10.72,56.98
45,88,-16.8,2.11,38.67,-13.52,-33.1,12.28,-13.61,-10.1,56.98
46,88,-19.01,3.84,38.1,-14.86,-32.29,11.44,-14.54,-9.66,56.98
47,87,-17.71,5.34,39.81,-12.85,-30.72,12.23,-13.52,-8.27,58.82
48,87,-15.31,3.33,40.13,-12.39,-29.97,11.44,-14.24,-9.69,55.29
49,87,-17.02,6.61,40.47,-9.79,-30.91,12.26,-15.48,-9.26,57.65
50,87,-18.53,3.8,35.6,-9.26,-33.42,12.54,-13.1,-9.41,56.47
51,87,-20.02,2.03,34.4,-11.76,-34.3,12.03,-15.8,-10.27,52.94
52,87,-19.37,1.35,33.72,-10.3,-34.86,9.52,-17.68,-11.17,54.12
53,87,-21.16,3.1,32.02,-11.03,-33.84,13.26,-15.42,-11.32,55.29
54,87,-20.65,4.85,33.96,-11.6,-34.54,11.11,-18.08,-11.72,55.29
55,85,-21.05,5.05,35.81,-13.3,-35.38,13.5,-17.46,-11.75,55.42
56,84,-21.56,5.29,33.51,-11.8,-33.06,9.67,-16.13,-11.41,54.88
57,84,-21.51,5.17,34.28,-12.05,-34.4,11.3,-15.48,-10.24,56.1
58,84,-20.08,3.23,33.99,-15.6,-35.72,10.19,-16.7,-11.3,52.44
59,84,-21.51,0.54,29.15,-13.9,-34.38,8.03,-16.72,-12.19,52.44
60,83,-21.57,0.0,30.59,-13.54,-34.01,9.0,-15.53,-11.63,49.38
61,83,-17.67,2.35,30.89,-12.85,-34.21,8.39,-14.59,-12.35,51.85
62,83,-18.17,-0.71,27.95,-13.29,-36.65,6.72,-16.8,-12.86,48.15
63,83,-18.93,-0.45,30.19,-13.68,-35.71,6.99,-17.68,-13.24,49.38
64,83,-20.71,-2.0,28.65,-16.54,-36.47,8.0,-19.12,-13.11,48.15
65,83,-24.55,-0.53,33.05,-15.32,-37.86,10.07,-18.11,-13.82,48.15
66,82,-22.5,-2.26,32.56,-15.31,-39.27,11.35,-20.52,-14.27,46.91
67,82,-23.14,-3.13,33.04,-16.18,-37.19,9.42,-19.39,-14.26,46.91
68,82,-21.33,-2.44,34.33,-17.86,-37.74,9.41,-21.95,-14.53,45.68
69,81,-22.92,-3.44,33.55,-17.74,-37.5,9.39,-21.82,-14.93,45.0
70,81,-23.86,-3.62,38.57,-18.68,-41.64,10.7,-22.72,-13.97,46.25
71,81,-23.19,-2.93,34.02,-19.21,-39.64,11.34,-22.02,-14.14,45.0
72,81,-25.08,-5.6,35.08,-19.63,-39.18,11.44,-22.77,-15.2,46.25
73,81,-24.6,-4.06,34.17,-21.1,-36.9,14.33,-23.01,-14.77,45.0
74,81,-24.71,-4.94,33.86,-20.98,-39.65,12.99,-23.04,-14.55,45.0
75,79,-28.43,-4.56,33.68,-21.97,-37.69,12.75,-26.33,-15.41,46.15
76,79,-25.28,-2.92,33.84,-21.09,-38.04,13.9,-26.09,-14.2,47.44
77,79,-27.01,-3.08,32.83,-19.18,-41.44,10.94,-24.15,-14.23,47.44
78,79,-26.79,-2.92,33.64,-20.63,-42.16,11.12,-24.9,-14.9,47.44
79,79,-24.88,-2.03,31.41,-20.09,-41.94,8.66,-23.21,-15.0,47.44
80,79,-24.63,-2.81,32.26,-20.52,-41.61,9.24,-24.01,-15.17,46.15
81,79,-23.8,-1.47,31.06,-21.09,-41.47,8.3,-24.9,-15.57,47.44
82,79,-22.14,0.14,31.02,-21.62,-40.38,9.86,-24.22,-15.75,50.0
83,79,-23.46,-0.21,28.43,-21.4,-38.31,10.9,-24.99,-15.46,50.0
84,79,-27.66,-0.28,28.97,-19.94,-38.93,14.28,-25.5,-15.52,50.0
85,79,-29.44,-0.19,28.15,-21.25,-38.54,13.41,-24.18,-15.93,50.0
86,79,-26.4,-1.59,31.13,-19.38,-42.18,12.02,-25.74,-15.61,47.44
87,79,-27.75,-2.37,30.67,-21.97,-41.96,12.68,-27.69,-16.48,47.44
88,79,-32.82,-2.03,30.37,-21.35,-38.93,10.87,-25.53,-15.77,48.72
89,79,-33.06,1.11,30.47,-20.2,-41.28,11.15,-26.98,-15.86,51.28
90,79,-32.16,-3.35,28.57,-20.79,-42.26,10.62,-25.83,-16.26,48.72
91,79,-30.77,-0.98,28.99,-20.21,-42.48,10.98,-25.97,-16.0,48.72
92,79,-31.72,-1.36,29.77,-22.21,-41.24,11.89,-27.23,-15.87,48.72
93,79,-31.52,-1.24,26.12,-21.12,-40.9,8.53,-26.69,-16.28,47.44
94,79,-31.25,-0.24,24.29,-22.13,-42.22,8.97,-25.42,-16.07,50.0
95,79,-31.75,-3.45,29.55,-22.56,-42.88,10.35,-27.31,-17.29,47.44
96,79,-31.85,-2.74,26.06,-21.3,-46.04,8.56,-24.17,-17.65,48.72
97,79,-33.72,-1.83,25.7,-21.83,-47.88,9.94,-25.68,-18.59,48.72
98,79,-36.49,-4.58,25.14,-22.2,-47.49,5.36,-25.6,-19.24,44.87
99,78,-37.0,-1.94,25.2,-21.56,-47.69,7.15,-23.27,-19.42,48.05
100,78,-39.22,-2.69,21.95,-20.85,-48.49,9.94,-21.48,-19.66,48.05
101,78,-35.89,-1.97,28.8,-21.73,-48.76,9.41,-23.8,-19.85,45.45
102,78,-32.41,-3.59,27.68,-18.93,-48.8,5.94,-22.02,-18.87,49.35
103,77,-33.21,-4.51,27.88,-20.2,-48.0,8.88,-25.92,-19.17,46.05
104,77,-31.67,-3.44,24.41,-24.25,-48.65,7.77,-25.7,-18.94,46.05
105,77,-32.75,-6.66,25.5,-25.93,-48.48,9.08,-27.07,-20.3,46.05
106,77,-32.79,-8.75,21.56,-26.5,-47.48,1.3,-27.9,-20.93,42.11
107,77,-34.61,-7.54,21.81,-22.73,-49.09,0.48,-26.76,-21.09,42.11
108,77,-32.02,-6.17,21.94,-21.75,-47.74,12.29,-27.12,-21.27,43.42
109,77,-32.53,-6.47,22.86,-22.18,-49.07,13.12,-27.06,-21.4,44.74
110,77,-36.39,-4.62,23.75,-26.8,-50.28,14.1,-26.8,-21.75,42.11
111,77,-37.28,-5.21,25.47,-27.25,-48.73,5.85,-26.1,-21.91,43.42
112,77,-39.59,-6.36,22.06,-26.55,-50.34,2.15,-26.56,-22.64,44.74
113,77,-38.4,-5.52,21.46,-24.68,-49.86,-1.07,-29.54,-22.4,44.74
114,77,-37.27,-7.22,20.24,-25.1,-49.73,-1.21,-31.32,-22.36,42.11
115,77,-36.74,-7.38,21.92,-26.85,-50.86,0.0,-29.88,-23.04,43.42
116,77,-36.45,-8.02,22.11,-25.43,-48.77,1.55,-29.16,-22.21,42.11
117,77,-38.69,-10.73,19.29,-25.45,-51.7,-0.24,-29.91,-23.19,42.11
118,76,-37.87,-10.43,21.76,-25.12,-53.83,3.25,-29.71,-22.73,41.33
119,76,-38.51,-15.22,22.08,-26.17,-52.22,3.83,-31.35,-22.96,40.0
120,76,-38.47,-12.41,22.12,-25.51,-51.23,2.55,-30.02,-22.78,40.0
121,76,-39.19,-14.9,24.63,-27.06,-55.59,3.48,-29.65,-23.43,40.0
